EventName,ElapsedTime,Timestamp,SessionID,Version,ButtonClickMessage,CurrentDurationEngaged,DragStartPosition,DragStopPosition,InjuryBodyRegion,InjuryName,InjuryPosition,InjuryRequiredProcedure,InjuryRequiredTreatmentCount,InjuryRequiredTreatmentsApplied,InjurySeverity,InjuryTreatedWithCorrectTreatment,InjuryTreatmentComplete,PatientBreathing,PatientHealthLevel,PatientHealthTimeRemaining,PatientHearing,PatientID,PatientMood,PatientPose,PatientPosition,PatientPulse,PatientRotation,PatientSpO2,PatientTriageLevel,PatientTriageSort,PlayerDirection,PlayerDistanceFromPatient,PlayerLeftHandPosition,PlayerPosition,PlayerRightHandPosition,TagType,TeleportPosition,ToolAttachMessage,ToolAttachParent,ToolCount,ToolMessageSender,ToolType,TotalDurationEngaged,TriageSortCommand,VoiceCaptureCommandDescription,VoiceCaptureMessage,
SESSION_START,3,6/5/2025 9:59:12 AM,9696512b-23bc-47d0-a102-74a45dc43aff,2.0,
PATIENT_RECORD,4,6/5/2025 9:59:12 AM,9696512b-23bc-47d0-a102-74a45dc43aff,2.0,,,,,,,,,,,,,,normal,100,Infinity,normal,US Military 1,upset,sittingGround,"(-12.1, 0.0, 5.2)",normal,"(0.0, -1.0, 0.0, 0.0)",normal,DELAYED,still,
INJURY_RECORD,4,6/5/2025 9:59:12 AM,9696512b-23bc-47d0-a102-74a45dc43aff,2.0,,,,,rightArm,R Bicep Puncture,"(-12.5, 1.4, 5.3)",tourniquet,1,0,medium,False,False,,,,,US Military 1,
PATIENT_RECORD,4,6/5/2025 9:59:12 AM,9696512b-23bc-47d0-a102-74a45dc43aff,2.0,,,,,,,,,,,,,,fast,100,Infinity,normal,US Military 2,agony,recovery,"(-12.6, 0.0, 3.3)",fast,"(0.0, -0.8, 0.0, 0.6)",normal,IMMEDIATE,still,
INJURY_RECORD,4,6/5/2025 9:59:12 AM,9696512b-23bc-47d0-a102-74a45dc43aff,2.0,,,,,abdomen,L Stomach Puncture,"(-12.7, 1.1, 3.2)",woundpack,1,0,high,False,False,,,,,US Military 2,
PATIENT_RECORD,4,6/5/2025 9:59:12 AM,9696512b-23bc-47d0-a102-74a45dc43aff,2.0,,,,,,,,,,,,,,normal,100,Infinity,normal,Civilian 1,calm,supine,"(-12.1, 0.0, 11.1)",normal,"(0.0, -1.0, 0.0, 0.2)",normal,IMMEDIATE,still,
INJURY_RECORD,4,6/5/2025 9:59:12 AM,9696512b-23bc-47d0-a102-74a45dc43aff,2.0,,,,,rightHand,R Wrist Broken,"(-12.4, 1.4, 11.3)",splint,1,0,low,False,False,,,,,Civilian 1,
PATIENT_RECORD,4,6/5/2025 9:59:12 AM,9696512b-23bc-47d0-a102-74a45dc43aff,2.0,,,,,,,,,,,,,,normal,100,Infinity,normal,Shooter 1,upset,supine,"(-11.1, 0.0, 12.4)",normal,"(0.0, -0.9, 0.0, 0.5)",normal,DELAYED,still,
INJURY_RECORD,4,6/5/2025 9:59:12 AM,9696512b-23bc-47d0-a102-74a45dc43aff,2.0,,,,,chest,L Shoulder Puncture,"(-11.0, 1.5, 12.3)",woundpack,1,0,medium,False,False,,,,,Shooter 1,
PATIENT_RECORD,4,6/5/2025 9:59:12 AM,9696512b-23bc-47d0-a102-74a45dc43aff,2.0,,,,,,,,,,,,,,normal,100,Infinity,normal,US Military 3,upset,fetal,"(-12.1, 0.0, 22.7)",normal,"(0.0, -1.0, 0.0, 0.1)",normal,DELAYED,still,
INJURY_RECORD,4,6/5/2025 9:59:12 AM,9696512b-23bc-47d0-a102-74a45dc43aff,2.0,,,,,rightLeg,R Thigh Puncture,"(-12.1, 0.6, 22.6)",tourniquet,1,0,medium,False,False,,,,,US Military 3,
PATIENT_RECORD,5,6/5/2025 9:59:12 AM,9696512b-23bc-47d0-a102-74a45dc43aff,2.0,,,,,,,,,,,,,,collapsedRight,100,Infinity,normal,Civilian 2,unresponsive,supine,"(-11.2, 0.0, 21.2)",faint,"(0.0, -0.8, 0.0, 0.5)",low,EXPECTANT,still,
INJURY_RECORD,5,6/5/2025 9:59:12 AM,9696512b-23bc-47d0-a102-74a45dc43aff,2.0,,,,,chest,R Chest Collapse,"(0.0, 0.0, 0.0)",decompressionNeedle,1,0,high,False,False,,,,,Civilian 2,
INJURY_RECORD,5,6/5/2025 9:59:12 AM,9696512b-23bc-47d0-a102-74a45dc43aff,2.0,,,,,chest,L Chest Puncture,"(-11.2, 1.2, 21.1)",chestSeal,1,0,high,False,False,,,,,Civilian 2,
PATIENT_RECORD,5,6/5/2025 9:59:12 AM,9696512b-23bc-47d0-a102-74a45dc43aff,2.0,,,,,,,,,,,,,,fast,100,Infinity,normal,Civilian 3,agony,supine,"(-11.6, 0.0, 29.0)",fast,"(0.0, -1.0, 0.0, 0.1)",normal,IMMEDIATE,still,
INJURY_RECORD,5,6/5/2025 9:59:12 AM,9696512b-23bc-47d0-a102-74a45dc43aff,2.0,,,,,abdomen,R Stomach Puncture,"(-11.7, 1.0, 29.0)",woundpack,1,0,high,False,False,,,,,Civilian 3,
PATIENT_RECORD,5,6/5/2025 9:59:12 AM,9696512b-23bc-47d0-a102-74a45dc43aff,2.0,,,,,,,,,,,,,,fast,100,Infinity,normal,US Military 4,agony,supine,"(-12.5, 0.0, 30.7)",fast,"(0.0, -0.9, 0.0, 0.5)",normal,IMMEDIATE,still,
INJURY_RECORD,5,6/5/2025 9:59:12 AM,9696512b-23bc-47d0-a102-74a45dc43aff,2.0,,,,,abdomen,L Stomach Puncture,"(-12.5, 1.1, 30.6)",woundpack,1,0,high,False,False,,,,,US Military 4,
PATIENT_RECORD,5,6/5/2025 9:59:12 AM,9696512b-23bc-47d0-a102-74a45dc43aff,2.0,,,,,,,,,,,,,,normal,100,128,normal,US Military NPC,calm,kneeling,"(-16.1, 0.0, 8.2)",normal,"(0.0, -1.0, 0.0, -0.1)",normal,MINIMAL,still,
PLAYER_POSITIONS,131,6/5/2025 9:59:12 AM,9696512b-23bc-47d0-a102-74a45dc43aff,2.0,,,,,,,,,,,,,,,,,,,,,,,,,,,,,"(-19.8, 1.0, 8.6)","(-19.4, 1.8, 8.6)","(-19.5, 0.9, 8.8)",
PLAYER_POSITIONS,131,6/5/2025 9:59:12 AM,9696512b-23bc-47d0-a102-74a45dc43aff,2.0,,,,,,,,,,,,,,,,,,,,,,,,,,,,,"(-19.8, 1.0, 8.6)","(-19.4, 1.8, 8.6)","(-19.5, 0.9, 8.8)",
PLAYER_POSITIONS,647,6/5/2025 9:59:13 AM,9696512b-23bc-47d0-a102-74a45dc43aff,2.0,,,,,,,,,,,,,,,,,,,,,,,,,,,,,"(-19.8, 1.0, 8.6)","(-19.5, 1.8, 8.5)","(-19.7, 0.9, 8.4)",
PLAYER_GAZE,647,6/5/2025 9:59:13 AM,9696512b-23bc-47d0-a102-74a45dc43aff,2.0,,,,,,,,,,,,,,,,,,US Military 1,,,,,,,,,"(-7.3, 1.8, 3.2)",,,"(-12.1, 0.0, 5.2)",
PLAYER_POSITIONS,647,6/5/2025 9:59:13 AM,9696512b-23bc-47d0-a102-74a45dc43aff,2.0,,,,,,,,,,,,,,,,,,,,,,,,,,,,,"(-19.8, 1.0, 8.6)","(-19.5, 1.8, 8.5)","(-19.7, 0.9, 8.4)",
PLAYER_GAZE,647,6/5/2025 9:59:13 AM,9696512b-23bc-47d0-a102-74a45dc43aff,2.0,,,,,,,,,,,,,,,,,,US Military 1,,,,,,,,,"(-7.3, 1.8, 3.2)",,,"(-12.1, 0.0, 5.2)",
PLAYER_POSITIONS,1176,6/5/2025 9:59:13 AM,9696512b-23bc-47d0-a102-74a45dc43aff,2.0,,,,,,,,,,,,,,,,,,,,,,,,,,,,,"(-19.8, 1.0, 8.6)","(-19.5, 1.8, 8.5)","(-19.7, 0.9, 8.3)",
PLAYER_POSITIONS,1176,6/5/2025 9:59:13 AM,9696512b-23bc-47d0-a102-74a45dc43aff,2.0,,,,,,,,,,,,,,,,,,,,,,,,,,,,,"(-19.8, 1.0, 8.6)","(-19.5, 1.8, 8.5)","(-19.7, 0.9, 8.3)",
PLAYER_POSITIONS,1702,6/5/2025 9:59:14 AM,9696512b-23bc-47d0-a102-74a45dc43aff,2.0,,,,,,,,,,,,,,,,,,,,,,,,,,,,,"(-19.8, 1.0, 8.6)","(-19.5, 1.8, 8.5)","(-19.7, 0.9, 8.4)",
PLAYER_POSITIONS,1702,6/5/2025 9:59:14 AM,9696512b-23bc-47d0-a102-74a45dc43aff,2.0,,,,,,,,,,,,,,,,,,,,,,,,,,,,,"(-19.8, 1.0, 8.6)","(-19.5, 1.8, 8.5)","(-19.7, 0.9, 8.4)",
PLAYER_POSITIONS,2202,6/5/2025 9:59:14 AM,9696512b-23bc-47d0-a102-74a45dc43aff,2.0,,,,,,,,,,,,,,,,,,,,,,,,,,,,,"(-19.8, 1.0, 8.6)","(-19.5, 1.8, 8.5)","(-19.7, 0.9, 8.5)",
PLAYER_POSITIONS,2202,6/5/2025 9:59:14 AM,9696512b-23bc-47d0-a102-74a45dc43aff,2.0,,,,,,,,,,,,,,,,,,,,,,,,,,,,,"(-19.8, 1.0, 8.6)","(-19.5, 1.8, 8.5)","(-19.7, 0.9, 8.5)",
PLAYER_POSITIONS,2702,6/5/2025 9:59:15 AM,9696512b-23bc-47d0-a102-74a45dc43aff,2.0,,,,,,,,,,,,,,,,,,,,,,,,,,,,,"(-19.8, 1.0, 8.6)","(-19.5, 1.8, 8.6)","(-19.7, 0.9, 8.5)",
PLAYER_POSITIONS,2702,6/5/2025 9:59:15 AM,9696512b-23bc-47d0-a102-74a45dc43aff,2.0,,,,,,,,,,,,,,,,,,,,,,,,,,,,,"(-19.8, 1.0, 8.6)","(-19.5, 1.8, 8.6)","(-19.7, 0.9, 8.5)",
PLAYER_POSITIONS,3229,6/5/2025 9:59:15 AM,9696512b-23bc-47d0-a102-74a45dc43aff,2.0,,,,,,,,,,,,,,,,,,,,,,,,,,,,,"(-19.8, 1.0, 8.6)","(-19.5, 1.8, 8.6)","(-19.7, 0.9, 8.5)",
PLAYER_POSITIONS,3229,6/5/2025 9:59:15 AM,9696512b-23bc-47d0-a102-74a45dc43aff,2.0,,,,,,,,,,,,,,,,,,,,,,,,,,,,,"(-19.8, 1.0, 8.6)","(-19.5, 1.8, 8.6)","(-19.7, 0.9, 8.5)",
PLAYER_POSITIONS,3756,6/5/2025 9:59:16 AM,9696512b-23bc-47d0-a102-74a45dc43aff,2.0,,,,,,,,,,,,,,,,,,,,,,,,,,,,,"(-19.8, 1.0, 8.7)","(-19.5, 1.8, 8.6)","(-19.7, 0.9, 8.5)",
PLAYER_POSITIONS,3756,6/5/2025 9:59:16 AM,9696512b-23bc-47d0-a102-74a45dc43aff,2.0,,,,,,,,,,,,,,,,,,,,,,,,,,,,,"(-19.8, 1.0, 8.7)","(-19.5, 1.8, 8.6)","(-19.7, 0.9, 8.5)",
PLAYER_POSITIONS,4284,6/5/2025 9:59:17 AM,9696512b-23bc-47d0-a102-74a45dc43aff,2.0,,,,,,,,,,,,,,,,,,,,,,,,,,,,,"(-19.8, 1.0, 8.7)","(-19.5, 1.8, 8.6)","(-19.7, 0.9, 8.5)",
PLAYER_POSITIONS,4284,6/5/2025 9:59:17 AM,9696512b-23bc-47d0-a102-74a45dc43aff,2.0,,,,,,,,,,,,,,,,,,,,,,,,,,,,,"(-19.8, 1.0, 8.7)","(-19.5, 1.8, 8.6)","(-19.7, 0.9, 8.5)",
PLAYER_POSITIONS,4810,6/5/2025 9:59:17 AM,9696512b-23bc-47d0-a102-74a45dc43aff,2.0,,,,,,,,,,,,,,,,,,,,,,,,,,,,,"(-19.8, 1.0, 8.7)","(-19.5, 1.8, 8.6)","(-19.7, 0.9, 8.5)",
PLAYER_POSITIONS,4810,6/5/2025 9:59:17 AM,9696512b-23bc-47d0-a102-74a45dc43aff,2.0,,,,,,,,,,,,,,,,,,,,,,,,,,,,,"(-19.8, 1.0, 8.7)","(-19.5, 1.8, 8.6)","(-19.7, 0.9, 8.5)",
PLAYER_POSITIONS,5338,6/5/2025 9:59:18 AM,9696512b-23bc-47d0-a102-74a45dc43aff,2.0,,,,,,,,,,,,,,,,,,,,,,,,,,,,,"(-19.7, 1.0, 8.7)","(-19.5, 1.8, 8.6)","(-19.7, 0.9, 8.5)",
PLAYER_POSITIONS,5338,6/5/2025 9:59:18 AM,9696512b-23bc-47d0-a102-74a45dc43aff,2.0,,,,,,,,,,,,,,,,,,,,,,,,,,,,,"(-19.7, 1.0, 8.7)","(-19.5, 1.8, 8.6)","(-19.7, 0.9, 8.5)",
PLAYER_POSITIONS,5838,6/5/2025 9:59:18 AM,9696512b-23bc-47d0-a102-74a45dc43aff,2.0,,,,,,,,,,,,,,,,,,,,,,,,,,,,,"(-19.7, 1.0, 8.7)","(-19.5, 1.8, 8.6)","(-19.7, 0.9, 8.5)",
PLAYER_POSITIONS,5838,6/5/2025 9:59:18 AM,9696512b-23bc-47d0-a102-74a45dc43aff,2.0,,,,,,,,,,,,,,,,,,,,,,,,,,,,,"(-19.7, 1.0, 8.7)","(-19.5, 1.8, 8.6)","(-19.7, 0.9, 8.5)",
PLAYER_POSITIONS,6366,6/5/2025 9:59:19 AM,9696512b-23bc-47d0-a102-74a45dc43aff,2.0,,,,,,,,,,,,,,,,,,,,,,,,,,,,,"(-19.7, 1.0, 8.7)","(-19.5, 1.8, 8.6)","(-19.7, 0.9, 8.5)",
PLAYER_POSITIONS,6366,6/5/2025 9:59:19 AM,9696512b-23bc-47d0-a102-74a45dc43aff,2.0,,,,,,,,,,,,,,,,,,,,,,,,,,,,,"(-19.7, 1.0, 8.7)","(-19.5, 1.8, 8.6)","(-19.7, 0.9, 8.5)",
PLAYER_POSITIONS,6866,6/5/2025 9:59:19 AM,9696512b-23bc-47d0-a102-74a45dc43aff,2.0,,,,,,,,,,,,,,,,,,,,,,,,,,,,,"(-19.7, 1.0, 8.7)","(-19.5, 1.8, 8.6)","(-19.7, 0.9, 8.5)",
PLAYER_POSITIONS,6866,6/5/2025 9:59:19 AM,9696512b-23bc-47d0-a102-74a45dc43aff,2.0,,,,,,,,,,,,,,,,,,,,,,,,,,,,,"(-19.7, 1.0, 8.7)","(-19.5, 1.8, 8.6)","(-19.7, 0.9, 8.5)",
PLAYER_POSITIONS,7393,6/5/2025 9:59:20 AM,9696512b-23bc-47d0-a102-74a45dc43aff,2.0,,,,,,,,,,,,,,,,,,,,,,,,,,,,,"(-19.7, 1.0, 8.7)","(-19.5, 1.8, 8.6)","(-19.7, 0.9, 8.5)",
PLAYER_POSITIONS,7393,6/5/2025 9:59:20 AM,9696512b-23bc-47d0-a102-74a45dc43aff,2.0,,,,,,,,,,,,,,,,,,,,,,,,,,,,,"(-19.7, 1.0, 8.7)","(-19.5, 1.8, 8.6)","(-19.7, 0.9, 8.5)",
PLAYER_POSITIONS,7893,6/5/2025 9:59:20 AM,9696512b-23bc-47d0-a102-74a45dc43aff,2.0,,,,,,,,,,,,,,,,,,,,,,,,,,,,,"(-19.7, 1.0, 8.7)","(-19.5, 1.8, 8.6)","(-19.7, 0.9, 8.5)",
PLAYER_POSITIONS,7893,6/5/2025 9:59:20 AM,9696512b-23bc-47d0-a102-74a45dc43aff,2.0,,,,,,,,,,,,,,,,,,,,,,,,,,,,,"(-19.7, 1.0, 8.7)","(-19.5, 1.8, 8.6)","(-19.7, 0.9, 8.5)",
PLAYER_POSITIONS,8393,6/5/2025 9:59:21 AM,9696512b-23bc-47d0-a102-74a45dc43aff,2.0,,,,,,,,,,,,,,,,,,,,,,,,,,,,,"(-19.7, 1.0, 8.7)","(-19.5, 1.8, 8.6)","(-19.7, 0.9, 8.5)",
PLAYER_POSITIONS,8393,6/5/2025 9:59:21 AM,9696512b-23bc-47d0-a102-74a45dc43aff,2.0,,,,,,,,,,,,,,,,,,,,,,,,,,,,,"(-19.7, 1.0, 8.7)","(-19.5, 1.8, 8.6)","(-19.7, 0.9, 8.5)",
PLAYER_POSITIONS,8894,6/5/2025 9:59:21 AM,9696512b-23bc-47d0-a102-74a45dc43aff,2.0,,,,,,,,,,,,,,,,,,,,,,,,,,,,,"(-19.7, 1.0, 8.7)","(-19.5, 1.8, 8.6)","(-19.7, 0.9, 8.5)",
PLAYER_POSITIONS,8894,6/5/2025 9:59:21 AM,9696512b-23bc-47d0-a102-74a45dc43aff,2.0,,,,,,,,,,,,,,,,,,,,,,,,,,,,,"(-19.7, 1.0, 8.7)","(-19.5, 1.8, 8.6)","(-19.7, 0.9, 8.5)",
PLAYER_POSITIONS,9394,6/5/2025 9:59:22 AM,9696512b-23bc-47d0-a102-74a45dc43aff,2.0,,,,,,,,,,,,,,,,,,,,,,,,,,,,,"(-19.7, 1.0, 8.7)","(-19.5, 1.8, 8.6)","(-19.7, 0.9, 8.5)",
PLAYER_POSITIONS,9394,6/5/2025 9:59:22 AM,9696512b-23bc-47d0-a102-74a45dc43aff,2.0,,,,,,,,,,,,,,,,,,,,,,,,,,,,,"(-19.7, 1.0, 8.7)","(-19.5, 1.8, 8.6)","(-19.7, 0.9, 8.5)",
PLAYER_POSITIONS,9921,6/5/2025 9:59:22 AM,9696512b-23bc-47d0-a102-74a45dc43aff,2.0,,,,,,,,,,,,,,,,,,,,,,,,,,,,,"(-19.7, 1.0, 8.7)","(-19.5, 1.8, 8.5)","(-19.8, 0.9, 8.5)",
PLAYER_POSITIONS,9921,6/5/2025 9:59:22 AM,9696512b-23bc-47d0-a102-74a45dc43aff,2.0,,,,,,,,,,,,,,,,,,,,,,,,,,,,,"(-19.7, 1.0, 8.7)","(-19.5, 1.8, 8.5)","(-19.8, 0.9, 8.5)",
PLAYER_POSITIONS,10422,6/5/2025 9:59:23 AM,9696512b-23bc-47d0-a102-74a45dc43aff,2.0,,,,,,,,,,,,,,,,,,,,,,,,,,,,,"(-19.7, 1.0, 8.7)","(-19.5, 1.8, 8.4)","(-19.8, 0.9, 8.4)",
PLAYER_GAZE,10422,6/5/2025 9:59:23 AM,9696512b-23bc-47d0-a102-74a45dc43aff,2.0,,,,,,,,,,,,,,,,,,US Military 1,,,,,,,,,"(-7.4, 1.8, 3.2)",,,"(-12.1, 0.0, 5.2)",
PLAYER_POSITIONS,10422,6/5/2025 9:59:23 AM,9696512b-23bc-47d0-a102-74a45dc43aff,2.0,,,,,,,,,,,,,,,,,,,,,,,,,,,,,"(-19.7, 1.0, 8.7)","(-19.5, 1.8, 8.4)","(-19.8, 0.9, 8.4)",
PLAYER_GAZE,10422,6/5/2025 9:59:23 AM,9696512b-23bc-47d0-a102-74a45dc43aff,2.0,,,,,,,,,,,,,,,,,,US Military 1,,,,,,,,,"(-7.4, 1.8, 3.2)",,,"(-12.1, 0.0, 5.2)",
PLAYER_POSITIONS,10923,6/5/2025 9:59:23 AM,9696512b-23bc-47d0-a102-74a45dc43aff,2.0,,,,,,,,,,,,,,,,,,,,,,,,,,,,,"(-19.7, 1.0, 8.7)","(-19.5, 1.8, 8.5)","(-19.7, 0.9, 8.3)",
PLAYER_POSITIONS,10923,6/5/2025 9:59:23 AM,9696512b-23bc-47d0-a102-74a45dc43aff,2.0,,,,,,,,,,,,,,,,,,,,,,,,,,,,,"(-19.7, 1.0, 8.7)","(-19.5, 1.8, 8.5)","(-19.7, 0.9, 8.3)",
PLAYER_POSITIONS,11424,6/5/2025 9:59:24 AM,9696512b-23bc-47d0-a102-74a45dc43aff,2.0,,,,,,,,,,,,,,,,,,,,,,,,,,,,,"(-19.7, 1.1, 8.6)","(-19.5, 1.8, 8.5)","(-19.7, 1.1, 8.7)",
PLAYER_POSITIONS,11424,6/5/2025 9:59:24 AM,9696512b-23bc-47d0-a102-74a45dc43aff,2.0,,,,,,,,,,,,,,,,,,,,,,,,,,,,,"(-19.7, 1.1, 8.6)","(-19.5, 1.8, 8.5)","(-19.7, 1.1, 8.7)",
PLAYER_POSITIONS,11951,6/5/2025 9:59:24 AM,9696512b-23bc-47d0-a102-74a45dc43aff,2.0,,,,,,,,,,,,,,,,,,,,,,,,,,,,,"(-19.2, 1.2, 8.7)","(-19.5, 1.8, 8.6)","(-19.3, 1.2, 8.4)",
PLAYER_POSITIONS,11951,6/5/2025 9:59:24 AM,9696512b-23bc-47d0-a102-74a45dc43aff,2.0,,,,,,,,,,,,,,,,,,,,,,,,,,,,,"(-19.2, 1.2, 8.7)","(-19.5, 1.8, 8.6)","(-19.3, 1.2, 8.4)",
PLAYER_POSITIONS,12451,6/5/2025 9:59:25 AM,9696512b-23bc-47d0-a102-74a45dc43aff,2.0,,,,,,,,,,,,,,,,,,,,,,,,,,,,,"(-19.2, 1.2, 8.7)","(-19.4, 1.8, 8.7)","(-19.2, 1.3, 8.5)",
PLAYER_POSITIONS,12451,6/5/2025 9:59:25 AM,9696512b-23bc-47d0-a102-74a45dc43aff,2.0,,,,,,,,,,,,,,,,,,,,,,,,,,,,,"(-19.2, 1.2, 8.7)","(-19.4, 1.8, 8.7)","(-19.2, 1.3, 8.5)",
PLAYER_POSITIONS,12951,6/5/2025 9:59:25 AM,9696512b-23bc-47d0-a102-74a45dc43aff,2.0,,,,,,,,,,,,,,,,,,,,,,,,,,,,,"(-19.2, 1.1, 8.7)","(-19.4, 1.8, 8.7)","(-19.3, 1.1, 8.4)",
PLAYER_POSITIONS,12951,6/5/2025 9:59:25 AM,9696512b-23bc-47d0-a102-74a45dc43aff,2.0,,,,,,,,,,,,,,,,,,,,,,,,,,,,,"(-19.2, 1.1, 8.7)","(-19.4, 1.8, 8.7)","(-19.3, 1.1, 8.4)",
PLAYER_POSITIONS,13478,6/5/2025 9:59:26 AM,9696512b-23bc-47d0-a102-74a45dc43aff,2.0,,,,,,,,,,,,,,,,,,,,,,,,,,,,,"(-19.3, 1.4, 8.4)","(-19.5, 1.8, 8.5)","(-19.3, 1.5, 8.3)",
PLAYER_POSITIONS,13478,6/5/2025 9:59:26 AM,9696512b-23bc-47d0-a102-74a45dc43aff,2.0,,,,,,,,,,,,,,,,,,,,,,,,,,,,,"(-19.3, 1.4, 8.4)","(-19.5, 1.8, 8.5)","(-19.3, 1.5, 8.3)",
PLAYER_POSITIONS,13978,6/5/2025 9:59:26 AM,9696512b-23bc-47d0-a102-74a45dc43aff,2.0,,,,,,,,,,,,,,,,,,,,,,,,,,,,,"(-19.4, 1.5, 8.4)","(-19.5, 1.8, 8.5)","(-19.4, 1.6, 8.3)",
PLAYER_POSITIONS,13978,6/5/2025 9:59:26 AM,9696512b-23bc-47d0-a102-74a45dc43aff,2.0,,,,,,,,,,,,,,,,,,,,,,,,,,,,,"(-19.4, 1.5, 8.4)","(-19.5, 1.8, 8.5)","(-19.4, 1.6, 8.3)",
PLAYER_POSITIONS,14506,6/5/2025 9:59:27 AM,9696512b-23bc-47d0-a102-74a45dc43aff,2.0,,,,,,,,,,,,,,,,,,,,,,,,,,,,,"(-19.4, 1.5, 8.4)","(-19.5, 1.8, 8.6)","(-19.3, 1.6, 8.4)",
PLAYER_POSITIONS,14506,6/5/2025 9:59:27 AM,9696512b-23bc-47d0-a102-74a45dc43aff,2.0,,,,,,,,,,,,,,,,,,,,,,,,,,,,,"(-19.4, 1.5, 8.4)","(-19.5, 1.8, 8.6)","(-19.3, 1.6, 8.4)",
PLAYER_POSITIONS,15033,6/5/2025 9:59:27 AM,9696512b-23bc-47d0-a102-74a45dc43aff,2.0,,,,,,,,,,,,,,,,,,,,,,,,,,,,,"(-19.3, 1.5, 8.5)","(-19.5, 1.8, 8.6)","(-19.3, 1.6, 8.4)",
PLAYER_POSITIONS,15033,6/5/2025 9:59:27 AM,9696512b-23bc-47d0-a102-74a45dc43aff,2.0,,,,,,,,,,,,,,,,,,,,,,,,,,,,,"(-19.3, 1.5, 8.5)","(-19.5, 1.8, 8.6)","(-19.3, 1.6, 8.4)",
PLAYER_POSITIONS,15561,6/5/2025 9:59:28 AM,9696512b-23bc-47d0-a102-74a45dc43aff,2.0,,,,,,,,,,,,,,,,,,,,,,,,,,,,,"(-19.3, 1.5, 8.5)","(-19.4, 1.8, 8.6)","(-19.3, 1.6, 8.3)",
PLAYER_POSITIONS,15561,6/5/2025 9:59:28 AM,9696512b-23bc-47d0-a102-74a45dc43aff,2.0,,,,,,,,,,,,,,,,,,,,,,,,,,,,,"(-19.3, 1.5, 8.5)","(-19.4, 1.8, 8.6)","(-19.3, 1.6, 8.3)",
PLAYER_POSITIONS,16062,6/5/2025 9:59:28 AM,9696512b-23bc-47d0-a102-74a45dc43aff,2.0,,,,,,,,,,,,,,,,,,,,,,,,,,,,,"(-19.1, 1.5, 8.6)","(-19.4, 1.8, 8.6)","(-19.3, 1.4, 8.6)",
PLAYER_POSITIONS,16062,6/5/2025 9:59:28 AM,9696512b-23bc-47d0-a102-74a45dc43aff,2.0,,,,,,,,,,,,,,,,,,,,,,,,,,,,,"(-19.1, 1.5, 8.6)","(-19.4, 1.8, 8.6)","(-19.3, 1.4, 8.6)",
PLAYER_POSITIONS,16590,6/5/2025 9:59:29 AM,9696512b-23bc-47d0-a102-74a45dc43aff,2.0,,,,,,,,,,,,,,,,,,,,,,,,,,,,,"(-19.1, 1.5, 8.6)","(-19.5, 1.8, 8.6)","(-19.3, 1.4, 8.6)",
PLAYER_POSITIONS,16590,6/5/2025 9:59:29 AM,9696512b-23bc-47d0-a102-74a45dc43aff,2.0,,,,,,,,,,,,,,,,,,,,,,,,,,,,,"(-19.1, 1.5, 8.6)","(-19.5, 1.8, 8.6)","(-19.3, 1.4, 8.6)",
PLAYER_POSITIONS,17117,6/5/2025 9:59:29 AM,9696512b-23bc-47d0-a102-74a45dc43aff,2.0,,,,,,,,,,,,,,,,,,,,,,,,,,,,,"(-19.1, 1.5, 8.6)","(-19.5, 1.8, 8.6)","(-19.3, 1.4, 8.6)",
PLAYER_POSITIONS,17117,6/5/2025 9:59:29 AM,9696512b-23bc-47d0-a102-74a45dc43aff,2.0,,,,,,,,,,,,,,,,,,,,,,,,,,,,,"(-19.1, 1.5, 8.6)","(-19.5, 1.8, 8.6)","(-19.3, 1.4, 8.6)",
PLAYER_POSITIONS,17645,6/5/2025 9:59:30 AM,9696512b-23bc-47d0-a102-74a45dc43aff,2.0,,,,,,,,,,,,,,,,,,,,,,,,,,,,,"(-19.1, 1.5, 8.6)","(-19.5, 1.8, 8.6)","(-19.3, 1.4, 8.6)",
PLAYER_POSITIONS,17645,6/5/2025 9:59:30 AM,9696512b-23bc-47d0-a102-74a45dc43aff,2.0,,,,,,,,,,,,,,,,,,,,,,,,,,,,,"(-19.1, 1.5, 8.6)","(-19.5, 1.8, 8.6)","(-19.3, 1.4, 8.6)",
PLAYER_POSITIONS,18172,6/5/2025 9:59:30 AM,9696512b-23bc-47d0-a102-74a45dc43aff,2.0,,,,,,,,,,,,,,,,,,,,,,,,,,,,,"(-19.1, 1.5, 8.6)","(-19.5, 1.8, 8.6)","(-19.3, 1.4, 8.6)",
PLAYER_POSITIONS,18172,6/5/2025 9:59:30 AM,9696512b-23bc-47d0-a102-74a45dc43aff,2.0,,,,,,,,,,,,,,,,,,,,,,,,,,,,,"(-19.1, 1.5, 8.6)","(-19.5, 1.8, 8.6)","(-19.3, 1.4, 8.6)",
PLAYER_POSITIONS,18699,6/5/2025 9:59:31 AM,9696512b-23bc-47d0-a102-74a45dc43aff,2.0,,,,,,,,,,,,,,,,,,,,,,,,,,,,,"(-19.1, 1.5, 8.6)","(-19.4, 1.8, 8.6)","(-19.3, 1.4, 8.6)",
PLAYER_POSITIONS,18699,6/5/2025 9:59:31 AM,9696512b-23bc-47d0-a102-74a45dc43aff,2.0,,,,,,,,,,,,,,,,,,,,,,,,,,,,,"(-19.1, 1.5, 8.6)","(-19.4, 1.8, 8.6)","(-19.3, 1.4, 8.6)",
PLAYER_POSITIONS,19227,6/5/2025 9:59:31 AM,9696512b-23bc-47d0-a102-74a45dc43aff,2.0,,,,,,,,,,,,,,,,,,,,,,,,,,,,,"(-19.1, 1.5, 8.6)","(-19.4, 1.8, 8.6)","(-19.3, 1.4, 8.6)",
PLAYER_POSITIONS,19227,6/5/2025 9:59:31 AM,9696512b-23bc-47d0-a102-74a45dc43aff,2.0,,,,,,,,,,,,,,,,,,,,,,,,,,,,,"(-19.1, 1.5, 8.6)","(-19.4, 1.8, 8.6)","(-19.3, 1.4, 8.6)",
PLAYER_POSITIONS,19727,6/5/2025 9:59:32 AM,9696512b-23bc-47d0-a102-74a45dc43aff,2.0,,,,,,,,,,,,,,,,,,,,,,,,,,,,,"(-19.1, 1.4, 8.6)","(-19.4, 1.8, 8.6)","(-19.3, 1.4, 8.6)",
PLAYER_POSITIONS,19727,6/5/2025 9:59:32 AM,9696512b-23bc-47d0-a102-74a45dc43aff,2.0,,,,,,,,,,,,,,,,,,,,,,,,,,,,,"(-19.1, 1.4, 8.6)","(-19.4, 1.8, 8.6)","(-19.3, 1.4, 8.6)",
PLAYER_POSITIONS,20255,6/5/2025 9:59:32 AM,9696512b-23bc-47d0-a102-74a45dc43aff,2.0,,,,,,,,,,,,,,,,,,,,,,,,,,,,,"(-19.1, 1.4, 8.6)","(-19.4, 1.8, 8.6)","(-19.3, 1.4, 8.6)",
PLAYER_POSITIONS,20255,6/5/2025 9:59:32 AM,9696512b-23bc-47d0-a102-74a45dc43aff,2.0,,,,,,,,,,,,,,,,,,,,,,,,,,,,,"(-19.1, 1.4, 8.6)","(-19.4, 1.8, 8.6)","(-19.3, 1.4, 8.6)",
PLAYER_POSITIONS,20782,6/5/2025 9:59:33 AM,9696512b-23bc-47d0-a102-74a45dc43aff,2.0,,,,,,,,,,,,,,,,,,,,,,,,,,,,,"(-19.1, 1.4, 8.6)","(-19.4, 1.8, 8.6)","(-19.3, 1.4, 8.6)",
PLAYER_POSITIONS,20782,6/5/2025 9:59:33 AM,9696512b-23bc-47d0-a102-74a45dc43aff,2.0,,,,,,,,,,,,,,,,,,,,,,,,,,,,,"(-19.1, 1.4, 8.6)","(-19.4, 1.8, 8.6)","(-19.3, 1.4, 8.6)",
PLAYER_POSITIONS,21311,6/5/2025 9:59:34 AM,9696512b-23bc-47d0-a102-74a45dc43aff,2.0,,,,,,,,,,,,,,,,,,,,,,,,,,,,,"(-19.1, 1.4, 8.6)","(-19.5, 1.8, 8.6)","(-19.3, 1.4, 8.6)",
PLAYER_POSITIONS,21311,6/5/2025 9:59:34 AM,9696512b-23bc-47d0-a102-74a45dc43aff,2.0,,,,,,,,,,,,,,,,,,,,,,,,,,,,,"(-19.1, 1.4, 8.6)","(-19.5, 1.8, 8.6)","(-19.3, 1.4, 8.6)",
PLAYER_POSITIONS,21811,6/5/2025 9:59:34 AM,9696512b-23bc-47d0-a102-74a45dc43aff,2.0,,,,,,,,,,,,,,,,,,,,,,,,,,,,,"(-19.1, 1.4, 8.6)","(-19.4, 1.8, 8.6)","(-19.3, 1.4, 8.6)",
PLAYER_POSITIONS,21811,6/5/2025 9:59:34 AM,9696512b-23bc-47d0-a102-74a45dc43aff,2.0,,,,,,,,,,,,,,,,,,,,,,,,,,,,,"(-19.1, 1.4, 8.6)","(-19.4, 1.8, 8.6)","(-19.3, 1.4, 8.6)",
PLAYER_POSITIONS,22338,6/5/2025 9:59:35 AM,9696512b-23bc-47d0-a102-74a45dc43aff,2.0,,,,,,,,,,,,,,,,,,,,,,,,,,,,,"(-19.1, 1.4, 8.6)","(-19.4, 1.8, 8.6)","(-19.3, 1.4, 8.6)",
PLAYER_POSITIONS,22338,6/5/2025 9:59:35 AM,9696512b-23bc-47d0-a102-74a45dc43aff,2.0,,,,,,,,,,,,,,,,,,,,,,,,,,,,,"(-19.1, 1.4, 8.6)","(-19.4, 1.8, 8.6)","(-19.3, 1.4, 8.6)",
PLAYER_POSITIONS,22866,6/5/2025 9:59:35 AM,9696512b-23bc-47d0-a102-74a45dc43aff,2.0,,,,,,,,,,,,,,,,,,,,,,,,,,,,,"(-19.1, 1.4, 8.6)","(-19.4, 1.8, 8.6)","(-19.3, 1.3, 8.6)",
PLAYER_POSITIONS,22866,6/5/2025 9:59:35 AM,9696512b-23bc-47d0-a102-74a45dc43aff,2.0,,,,,,,,,,,,,,,,,,,,,,,,,,,,,"(-19.1, 1.4, 8.6)","(-19.4, 1.8, 8.6)","(-19.3, 1.3, 8.6)",
PLAYER_POSITIONS,23394,6/5/2025 9:59:36 AM,9696512b-23bc-47d0-a102-74a45dc43aff,2.0,,,,,,,,,,,,,,,,,,,,,,,,,,,,,"(-19.1, 1.5, 8.6)","(-19.4, 1.8, 8.6)","(-19.3, 1.4, 8.6)",
PLAYER_POSITIONS,23394,6/5/2025 9:59:36 AM,9696512b-23bc-47d0-a102-74a45dc43aff,2.0,,,,,,,,,,,,,,,,,,,,,,,,,,,,,"(-19.1, 1.5, 8.6)","(-19.4, 1.8, 8.6)","(-19.3, 1.4, 8.6)",
PLAYER_POSITIONS,23894,6/5/2025 9:59:36 AM,9696512b-23bc-47d0-a102-74a45dc43aff,2.0,,,,,,,,,,,,,,,,,,,,,,,,,,,,,"(-19.1, 1.5, 8.6)","(-19.5, 1.8, 8.6)","(-19.3, 1.4, 8.6)",
PLAYER_POSITIONS,23894,6/5/2025 9:59:36 AM,9696512b-23bc-47d0-a102-74a45dc43aff,2.0,,,,,,,,,,,,,,,,,,,,,,,,,,,,,"(-19.1, 1.5, 8.6)","(-19.5, 1.8, 8.6)","(-19.3, 1.4, 8.6)",
PLAYER_POSITIONS,24421,6/5/2025 9:59:37 AM,9696512b-23bc-47d0-a102-74a45dc43aff,2.0,,,,,,,,,,,,,,,,,,,,,,,,,,,,,"(-19.1, 1.4, 8.6)","(-19.5, 1.8, 8.6)","(-19.3, 1.4, 8.6)",
PLAYER_POSITIONS,24421,6/5/2025 9:59:37 AM,9696512b-23bc-47d0-a102-74a45dc43aff,2.0,,,,,,,,,,,,,,,,,,,,,,,,,,,,,"(-19.1, 1.4, 8.6)","(-19.5, 1.8, 8.6)","(-19.3, 1.4, 8.6)",
PLAYER_POSITIONS,24922,6/5/2025 9:59:37 AM,9696512b-23bc-47d0-a102-74a45dc43aff,2.0,,,,,,,,,,,,,,,,,,,,,,,,,,,,,"(-19.1, 1.4, 8.6)","(-19.4, 1.8, 8.6)","(-19.3, 1.4, 8.6)",
PLAYER_POSITIONS,24922,6/5/2025 9:59:37 AM,9696512b-23bc-47d0-a102-74a45dc43aff,2.0,,,,,,,,,,,,,,,,,,,,,,,,,,,,,"(-19.1, 1.4, 8.6)","(-19.4, 1.8, 8.6)","(-19.3, 1.4, 8.6)",
PLAYER_POSITIONS,25451,6/5/2025 9:59:38 AM,9696512b-23bc-47d0-a102-74a45dc43aff,2.0,,,,,,,,,,,,,,,,,,,,,,,,,,,,,"(-19.1, 1.4, 8.6)","(-19.4, 1.8, 8.6)","(-19.3, 1.4, 8.6)",
PLAYER_POSITIONS,25451,6/5/2025 9:59:38 AM,9696512b-23bc-47d0-a102-74a45dc43aff,2.0,,,,,,,,,,,,,,,,,,,,,,,,,,,,,"(-19.1, 1.4, 8.6)","(-19.4, 1.8, 8.6)","(-19.3, 1.4, 8.6)",
PLAYER_POSITIONS,26001,6/5/2025 9:59:38 AM,9696512b-23bc-47d0-a102-74a45dc43aff,2.0,,,,,,,,,,,,,,,,,,,,,,,,,,,,,"(-19.1, 1.4, 8.6)","(-19.4, 1.8, 8.6)","(-19.3, 1.4, 8.6)",
PLAYER_POSITIONS,26001,6/5/2025 9:59:38 AM,9696512b-23bc-47d0-a102-74a45dc43aff,2.0,,,,,,,,,,,,,,,,,,,,,,,,,,,,,"(-19.1, 1.4, 8.6)","(-19.4, 1.8, 8.6)","(-19.3, 1.4, 8.6)",
PLAYER_POSITIONS,26551,6/5/2025 9:59:39 AM,9696512b-23bc-47d0-a102-74a45dc43aff,2.0,,,,,,,,,,,,,,,,,,,,,,,,,,,,,"(-19.1, 1.4, 8.6)","(-19.4, 1.8, 8.6)","(-19.3, 1.4, 8.6)",
PLAYER_POSITIONS,26551,6/5/2025 9:59:39 AM,9696512b-23bc-47d0-a102-74a45dc43aff,2.0,,,,,,,,,,,,,,,,,,,,,,,,,,,,,"(-19.1, 1.4, 8.6)","(-19.4, 1.8, 8.6)","(-19.3, 1.4, 8.6)",
PLAYER_POSITIONS,27101,6/5/2025 9:59:39 AM,9696512b-23bc-47d0-a102-74a45dc43aff,2.0,,,,,,,,,,,,,,,,,,,,,,,,,,,,,"(-19.1, 1.4, 8.6)","(-19.4, 1.8, 8.6)","(-19.3, 1.4, 8.6)",
PLAYER_POSITIONS,27101,6/5/2025 9:59:39 AM,9696512b-23bc-47d0-a102-74a45dc43aff,2.0,,,,,,,,,,,,,,,,,,,,,,,,,,,,,"(-19.1, 1.4, 8.6)","(-19.4, 1.8, 8.6)","(-19.3, 1.4, 8.6)",
PLAYER_POSITIONS,27651,6/5/2025 9:59:40 AM,9696512b-23bc-47d0-a102-74a45dc43aff,2.0,,,,,,,,,,,,,,,,,,,,,,,,,,,,,"(-19.1, 1.4, 8.6)","(-19.4, 1.8, 8.6)","(-19.3, 1.4, 8.6)",
PLAYER_POSITIONS,27651,6/5/2025 9:59:40 AM,9696512b-23bc-47d0-a102-74a45dc43aff,2.0,,,,,,,,,,,,,,,,,,,,,,,,,,,,,"(-19.1, 1.4, 8.6)","(-19.4, 1.8, 8.6)","(-19.3, 1.4, 8.6)",
PLAYER_POSITIONS,28198,6/5/2025 9:59:40 AM,9696512b-23bc-47d0-a102-74a45dc43aff,2.0,,,,,,,,,,,,,,,,,,,,,,,,,,,,,"(-19.1, 1.4, 8.6)","(-19.4, 1.8, 8.6)","(-19.3, 1.4, 8.6)",
PLAYER_POSITIONS,28198,6/5/2025 9:59:40 AM,9696512b-23bc-47d0-a102-74a45dc43aff,2.0,,,,,,,,,,,,,,,,,,,,,,,,,,,,,"(-19.1, 1.4, 8.6)","(-19.4, 1.8, 8.6)","(-19.3, 1.4, 8.6)",
PLAYER_POSITIONS,28747,6/5/2025 9:59:41 AM,9696512b-23bc-47d0-a102-74a45dc43aff,2.0,,,,,,,,,,,,,,,,,,,,,,,,,,,,,"(-19.1, 1.4, 8.6)","(-19.4, 1.8, 8.6)","(-19.3, 1.4, 8.6)",
PLAYER_POSITIONS,28747,6/5/2025 9:59:41 AM,9696512b-23bc-47d0-a102-74a45dc43aff,2.0,,,,,,,,,,,,,,,,,,,,,,,,,,,,,"(-19.1, 1.4, 8.6)","(-19.4, 1.8, 8.6)","(-19.3, 1.4, 8.6)",
PLAYER_POSITIONS,29297,6/5/2025 9:59:42 AM,9696512b-23bc-47d0-a102-74a45dc43aff,2.0,,,,,,,,,,,,,,,,,,,,,,,,,,,,,"(-19.1, 1.4, 8.6)","(-19.4, 1.8, 8.6)","(-19.3, 1.4, 8.6)",
PLAYER_POSITIONS,29297,6/5/2025 9:59:42 AM,9696512b-23bc-47d0-a102-74a45dc43aff,2.0,,,,,,,,,,,,,,,,,,,,,,,,,,,,,"(-19.1, 1.4, 8.6)","(-19.4, 1.8, 8.6)","(-19.3, 1.4, 8.6)",
PLAYER_POSITIONS,29843,6/5/2025 9:59:42 AM,9696512b-23bc-47d0-a102-74a45dc43aff,2.0,,,,,,,,,,,,,,,,,,,,,,,,,,,,,"(-19.1, 1.4, 8.6)","(-19.4, 1.8, 8.6)","(-19.3, 1.4, 8.6)",
PLAYER_POSITIONS,29843,6/5/2025 9:59:42 AM,9696512b-23bc-47d0-a102-74a45dc43aff,2.0,,,,,,,,,,,,,,,,,,,,,,,,,,,,,"(-19.1, 1.4, 8.6)","(-19.4, 1.8, 8.6)","(-19.3, 1.4, 8.6)",
PLAYER_POSITIONS,30392,6/5/2025 9:59:43 AM,9696512b-23bc-47d0-a102-74a45dc43aff,2.0,,,,,,,,,,,,,,,,,,,,,,,,,,,,,"(-19.1, 1.4, 8.6)","(-19.4, 1.8, 8.6)","(-19.3, 1.4, 8.6)",
PLAYER_POSITIONS,30392,6/5/2025 9:59:43 AM,9696512b-23bc-47d0-a102-74a45dc43aff,2.0,,,,,,,,,,,,,,,,,,,,,,,,,,,,,"(-19.1, 1.4, 8.6)","(-19.4, 1.8, 8.6)","(-19.3, 1.4, 8.6)",
PLAYER_POSITIONS,30941,6/5/2025 9:59:43 AM,9696512b-23bc-47d0-a102-74a45dc43aff,2.0,,,,,,,,,,,,,,,,,,,,,,,,,,,,,"(-19.1, 1.4, 8.6)","(-19.4, 1.8, 8.6)","(-19.3, 1.4, 8.6)",
PLAYER_POSITIONS,30941,6/5/2025 9:59:43 AM,9696512b-23bc-47d0-a102-74a45dc43aff,2.0,,,,,,,,,,,,,,,,,,,,,,,,,,,,,"(-19.1, 1.4, 8.6)","(-19.4, 1.8, 8.6)","(-19.3, 1.4, 8.6)",
PLAYER_POSITIONS,31489,6/5/2025 9:59:44 AM,9696512b-23bc-47d0-a102-74a45dc43aff,2.0,,,,,,,,,,,,,,,,,,,,,,,,,,,,,"(-19.1, 1.4, 8.6)","(-19.4, 1.8, 8.6)","(-19.3, 1.4, 8.6)",
PLAYER_POSITIONS,31489,6/5/2025 9:59:44 AM,9696512b-23bc-47d0-a102-74a45dc43aff,2.0,,,,,,,,,,,,,,,,,,,,,,,,,,,,,"(-19.1, 1.4, 8.6)","(-19.4, 1.8, 8.6)","(-19.3, 1.4, 8.6)",
PLAYER_POSITIONS,32038,6/5/2025 9:59:44 AM,9696512b-23bc-47d0-a102-74a45dc43aff,2.0,,,,,,,,,,,,,,,,,,,,,,,,,,,,,"(-19.1, 1.4, 8.6)","(-19.4, 1.8, 8.6)","(-19.3, 1.4, 8.6)",
PLAYER_POSITIONS,32038,6/5/2025 9:59:44 AM,9696512b-23bc-47d0-a102-74a45dc43aff,2.0,,,,,,,,,,,,,,,,,,,,,,,,,,,,,"(-19.1, 1.4, 8.6)","(-19.4, 1.8, 8.6)","(-19.3, 1.4, 8.6)",
PLAYER_POSITIONS,32587,6/5/2025 9:59:45 AM,9696512b-23bc-47d0-a102-74a45dc43aff,2.0,,,,,,,,,,,,,,,,,,,,,,,,,,,,,"(-19.1, 1.4, 8.6)","(-19.4, 1.8, 8.6)","(-19.3, 1.4, 8.6)",
PLAYER_POSITIONS,32587,6/5/2025 9:59:45 AM,9696512b-23bc-47d0-a102-74a45dc43aff,2.0,,,,,,,,,,,,,,,,,,,,,,,,,,,,,"(-19.1, 1.4, 8.6)","(-19.4, 1.8, 8.6)","(-19.3, 1.4, 8.6)",
PLAYER_POSITIONS,33144,6/5/2025 9:59:45 AM,9696512b-23bc-47d0-a102-74a45dc43aff,2.0,,,,,,,,,,,,,,,,,,,,,,,,,,,,,"(-19.1, 1.4, 8.6)","(-19.4, 1.8, 8.6)","(-19.3, 1.4, 8.6)",
PLAYER_POSITIONS,33144,6/5/2025 9:59:45 AM,9696512b-23bc-47d0-a102-74a45dc43aff,2.0,,,,,,,,,,,,,,,,,,,,,,,,,,,,,"(-19.1, 1.4, 8.6)","(-19.4, 1.8, 8.6)","(-19.3, 1.4, 8.6)",
PLAYER_POSITIONS,33684,6/5/2025 9:59:46 AM,9696512b-23bc-47d0-a102-74a45dc43aff,2.0,,,,,,,,,,,,,,,,,,,,,,,,,,,,,"(-19.1, 1.4, 8.6)","(-19.4, 1.8, 8.6)","(-19.3, 1.4, 8.6)",
PLAYER_POSITIONS,33684,6/5/2025 9:59:46 AM,9696512b-23bc-47d0-a102-74a45dc43aff,2.0,,,,,,,,,,,,,,,,,,,,,,,,,,,,,"(-19.1, 1.4, 8.6)","(-19.4, 1.8, 8.6)","(-19.3, 1.4, 8.6)",
PLAYER_POSITIONS,34233,6/5/2025 9:59:46 AM,9696512b-23bc-47d0-a102-74a45dc43aff,2.0,,,,,,,,,,,,,,,,,,,,,,,,,,,,,"(-19.1, 1.4, 8.6)","(-19.4, 1.8, 8.6)","(-19.3, 1.4, 8.6)",
PLAYER_POSITIONS,34233,6/5/2025 9:59:46 AM,9696512b-23bc-47d0-a102-74a45dc43aff,2.0,,,,,,,,,,,,,,,,,,,,,,,,,,,,,"(-19.1, 1.4, 8.6)","(-19.4, 1.8, 8.6)","(-19.3, 1.4, 8.6)",
PLAYER_POSITIONS,34781,6/5/2025 9:59:47 AM,9696512b-23bc-47d0-a102-74a45dc43aff,2.0,,,,,,,,,,,,,,,,,,,,,,,,,,,,,"(-19.1, 1.4, 8.6)","(-19.4, 1.8, 8.6)","(-19.3, 1.4, 8.6)",
PLAYER_POSITIONS,34781,6/5/2025 9:59:47 AM,9696512b-23bc-47d0-a102-74a45dc43aff,2.0,,,,,,,,,,,,,,,,,,,,,,,,,,,,,"(-19.1, 1.4, 8.6)","(-19.4, 1.8, 8.6)","(-19.3, 1.4, 8.6)",
PLAYER_POSITIONS,35329,6/5/2025 9:59:48 AM,9696512b-23bc-47d0-a102-74a45dc43aff,2.0,,,,,,,,,,,,,,,,,,,,,,,,,,,,,"(-19.1, 1.4, 8.6)","(-19.4, 1.8, 8.6)","(-19.3, 1.4, 8.6)",
PLAYER_POSITIONS,35329,6/5/2025 9:59:48 AM,9696512b-23bc-47d0-a102-74a45dc43aff,2.0,,,,,,,,,,,,,,,,,,,,,,,,,,,,,"(-19.1, 1.4, 8.6)","(-19.4, 1.8, 8.6)","(-19.3, 1.4, 8.6)",
PLAYER_POSITIONS,35881,6/5/2025 9:59:48 AM,9696512b-23bc-47d0-a102-74a45dc43aff,2.0,,,,,,,,,,,,,,,,,,,,,,,,,,,,,"(-19.1, 1.4, 8.6)","(-19.4, 1.8, 8.6)","(-19.3, 1.4, 8.6)",
PLAYER_POSITIONS,35881,6/5/2025 9:59:48 AM,9696512b-23bc-47d0-a102-74a45dc43aff,2.0,,,,,,,,,,,,,,,,,,,,,,,,,,,,,"(-19.1, 1.4, 8.6)","(-19.4, 1.8, 8.6)","(-19.3, 1.4, 8.6)",
PLAYER_POSITIONS,36431,6/5/2025 9:59:49 AM,9696512b-23bc-47d0-a102-74a45dc43aff,2.0,,,,,,,,,,,,,,,,,,,,,,,,,,,,,"(-19.1, 1.4, 8.6)","(-19.4, 1.8, 8.6)","(-19.3, 1.4, 8.6)",
PLAYER_POSITIONS,36431,6/5/2025 9:59:49 AM,9696512b-23bc-47d0-a102-74a45dc43aff,2.0,,,,,,,,,,,,,,,,,,,,,,,,,,,,,"(-19.1, 1.4, 8.6)","(-19.4, 1.8, 8.6)","(-19.3, 1.4, 8.6)",
PLAYER_POSITIONS,36982,6/5/2025 9:59:49 AM,9696512b-23bc-47d0-a102-74a45dc43aff,2.0,,,,,,,,,,,,,,,,,,,,,,,,,,,,,"(-19.1, 1.4, 8.6)","(-19.4, 1.8, 8.6)","(-19.3, 1.4, 8.5)",
PLAYER_POSITIONS,36982,6/5/2025 9:59:49 AM,9696512b-23bc-47d0-a102-74a45dc43aff,2.0,,,,,,,,,,,,,,,,,,,,,,,,,,,,,"(-19.1, 1.4, 8.6)","(-19.4, 1.8, 8.6)","(-19.3, 1.4, 8.5)",
PLAYER_POSITIONS,37533,6/5/2025 9:59:50 AM,9696512b-23bc-47d0-a102-74a45dc43aff,2.0,,,,,,,,,,,,,,,,,,,,,,,,,,,,,"(-19.1, 1.4, 8.6)","(-19.4, 1.8, 8.6)","(-19.3, 1.4, 8.5)",
PLAYER_POSITIONS,37533,6/5/2025 9:59:50 AM,9696512b-23bc-47d0-a102-74a45dc43aff,2.0,,,,,,,,,,,,,,,,,,,,,,,,,,,,,"(-19.1, 1.4, 8.6)","(-19.4, 1.8, 8.6)","(-19.3, 1.4, 8.5)",
PLAYER_POSITIONS,38082,6/5/2025 9:59:50 AM,9696512b-23bc-47d0-a102-74a45dc43aff,2.0,,,,,,,,,,,,,,,,,,,,,,,,,,,,,"(-19.1, 1.4, 8.6)","(-19.4, 1.8, 8.6)","(-19.3, 1.4, 8.5)",
PLAYER_POSITIONS,38082,6/5/2025 9:59:50 AM,9696512b-23bc-47d0-a102-74a45dc43aff,2.0,,,,,,,,,,,,,,,,,,,,,,,,,,,,,"(-19.1, 1.4, 8.6)","(-19.4, 1.8, 8.6)","(-19.3, 1.4, 8.5)",
PLAYER_POSITIONS,38633,6/5/2025 9:59:51 AM,9696512b-23bc-47d0-a102-74a45dc43aff,2.0,,,,,,,,,,,,,,,,,,,,,,,,,,,,,"(-19.1, 1.4, 8.6)","(-19.4, 1.8, 8.6)","(-19.3, 1.4, 8.5)",
PLAYER_POSITIONS,38633,6/5/2025 9:59:51 AM,9696512b-23bc-47d0-a102-74a45dc43aff,2.0,,,,,,,,,,,,,,,,,,,,,,,,,,,,,"(-19.1, 1.4, 8.6)","(-19.4, 1.8, 8.6)","(-19.3, 1.4, 8.5)",
PLAYER_POSITIONS,39182,6/5/2025 9:59:51 AM,9696512b-23bc-47d0-a102-74a45dc43aff,2.0,,,,,,,,,,,,,,,,,,,,,,,,,,,,,"(-19.1, 1.4, 8.5)","(-19.4, 1.8, 8.6)","(-19.3, 1.4, 8.5)",
PLAYER_POSITIONS,39182,6/5/2025 9:59:51 AM,9696512b-23bc-47d0-a102-74a45dc43aff,2.0,,,,,,,,,,,,,,,,,,,,,,,,,,,,,"(-19.1, 1.4, 8.5)","(-19.4, 1.8, 8.6)","(-19.3, 1.4, 8.5)",
PLAYER_POSITIONS,39730,6/5/2025 9:59:52 AM,9696512b-23bc-47d0-a102-74a45dc43aff,2.0,,,,,,,,,,,,,,,,,,,,,,,,,,,,,"(-19.1, 1.4, 8.5)","(-19.4, 1.8, 8.6)","(-19.3, 1.4, 8.5)",
PLAYER_POSITIONS,39730,6/5/2025 9:59:52 AM,9696512b-23bc-47d0-a102-74a45dc43aff,2.0,,,,,,,,,,,,,,,,,,,,,,,,,,,,,"(-19.1, 1.4, 8.5)","(-19.4, 1.8, 8.6)","(-19.3, 1.4, 8.5)",
PLAYER_POSITIONS,40279,6/5/2025 9:59:53 AM,9696512b-23bc-47d0-a102-74a45dc43aff,2.0,,,,,,,,,,,,,,,,,,,,,,,,,,,,,"(-19.1, 1.4, 8.5)","(-19.4, 1.8, 8.6)","(-19.3, 1.4, 8.5)",
PLAYER_GAZE,40279,6/5/2025 9:59:53 AM,9696512b-23bc-47d0-a102-74a45dc43aff,2.0,,,,,,,,,,,,,,,,,,US Military 2,,,,,,,,,"(-6.8, 1.8, 5.3)",,,"(-12.6, 0.0, 3.3)",
PLAYER_POSITIONS,40279,6/5/2025 9:59:53 AM,9696512b-23bc-47d0-a102-74a45dc43aff,2.0,,,,,,,,,,,,,,,,,,,,,,,,,,,,,"(-19.1, 1.4, 8.5)","(-19.4, 1.8, 8.6)","(-19.3, 1.4, 8.5)",
PLAYER_GAZE,40279,6/5/2025 9:59:53 AM,9696512b-23bc-47d0-a102-74a45dc43aff,2.0,,,,,,,,,,,,,,,,,,US Military 2,,,,,,,,,"(-6.8, 1.8, 5.3)",,,"(-12.6, 0.0, 3.3)",
PLAYER_POSITIONS,40798,6/5/2025 9:59:53 AM,9696512b-23bc-47d0-a102-74a45dc43aff,2.0,,,,,,,,,,,,,,,,,,,,,,,,,,,,,"(-19.2, 0.9, 8.9)","(-19.4, 1.8, 8.8)","(-19.4, 0.9, 8.5)",
PLAYER_POSITIONS,40798,6/5/2025 9:59:53 AM,9696512b-23bc-47d0-a102-74a45dc43aff,2.0,,,,,,,,,,,,,,,,,,,,,,,,,,,,,"(-19.2, 0.9, 8.9)","(-19.4, 1.8, 8.8)","(-19.4, 0.9, 8.5)",
PLAYER_POSITIONS,41326,6/5/2025 9:59:54 AM,9696512b-23bc-47d0-a102-74a45dc43aff,2.0,,,,,,,,,,,,,,,,,,,,,,,,,,,,,"(-19.2, 0.9, 8.9)","(-19.4, 1.8, 8.8)","(-19.4, 0.9, 8.5)",
PLAYER_POSITIONS,41326,6/5/2025 9:59:54 AM,9696512b-23bc-47d0-a102-74a45dc43aff,2.0,,,,,,,,,,,,,,,,,,,,,,,,,,,,,"(-19.2, 0.9, 8.9)","(-19.4, 1.8, 8.8)","(-19.4, 0.9, 8.5)",
PLAYER_POSITIONS,41826,6/5/2025 9:59:54 AM,9696512b-23bc-47d0-a102-74a45dc43aff,2.0,,,,,,,,,,,,,,,,,,,,,,,,,,,,,"(-19.2, 0.9, 8.9)","(-19.4, 1.8, 8.8)","(-19.4, 0.9, 8.5)",
PLAYER_POSITIONS,41826,6/5/2025 9:59:54 AM,9696512b-23bc-47d0-a102-74a45dc43aff,2.0,,,,,,,,,,,,,,,,,,,,,,,,,,,,,"(-19.2, 0.9, 8.9)","(-19.4, 1.8, 8.8)","(-19.4, 0.9, 8.5)",
PLAYER_POSITIONS,42338,6/5/2025 9:59:55 AM,9696512b-23bc-47d0-a102-74a45dc43aff,2.0,,,,,,,,,,,,,,,,,,,,,,,,,,,,,"(-19.2, 0.9, 8.9)","(-19.4, 1.8, 8.8)","(-19.4, 0.9, 8.5)",
PLAYER_POSITIONS,42338,6/5/2025 9:59:55 AM,9696512b-23bc-47d0-a102-74a45dc43aff,2.0,,,,,,,,,,,,,,,,,,,,,,,,,,,,,"(-19.2, 0.9, 8.9)","(-19.4, 1.8, 8.8)","(-19.4, 0.9, 8.5)",
PLAYER_POSITIONS,42833,6/5/2025 9:59:55 AM,9696512b-23bc-47d0-a102-74a45dc43aff,2.0,,,,,,,,,,,,,,,,,,,,,,,,,,,,,"(-19.2, 0.9, 8.9)","(-19.4, 1.8, 8.8)","(-19.4, 0.9, 8.5)",
PLAYER_POSITIONS,42833,6/5/2025 9:59:55 AM,9696512b-23bc-47d0-a102-74a45dc43aff,2.0,,,,,,,,,,,,,,,,,,,,,,,,,,,,,"(-19.2, 0.9, 8.9)","(-19.4, 1.8, 8.8)","(-19.4, 0.9, 8.5)",
PLAYER_POSITIONS,43359,6/5/2025 9:59:56 AM,9696512b-23bc-47d0-a102-74a45dc43aff,2.0,,,,,,,,,,,,,,,,,,,,,,,,,,,,,"(-19.2, 0.9, 8.8)","(-19.4, 1.8, 8.7)","(-19.4, 0.9, 8.5)",
PLAYER_POSITIONS,43359,6/5/2025 9:59:56 AM,9696512b-23bc-47d0-a102-74a45dc43aff,2.0,,,,,,,,,,,,,,,,,,,,,,,,,,,,,"(-19.2, 0.9, 8.8)","(-19.4, 1.8, 8.7)","(-19.4, 0.9, 8.5)",
PLAYER_POSITIONS,43860,6/5/2025 9:59:56 AM,9696512b-23bc-47d0-a102-74a45dc43aff,2.0,,,,,,,,,,,,,,,,,,,,,,,,,,,,,"(-19.3, 0.9, 8.7)","(-19.5, 1.8, 8.6)","(-19.4, 0.9, 8.4)",
PLAYER_POSITIONS,43860,6/5/2025 9:59:56 AM,9696512b-23bc-47d0-a102-74a45dc43aff,2.0,,,,,,,,,,,,,,,,,,,,,,,,,,,,,"(-19.3, 0.9, 8.7)","(-19.5, 1.8, 8.6)","(-19.4, 0.9, 8.4)",
PLAYER_POSITIONS,44452,6/5/2025 9:59:57 AM,9696512b-23bc-47d0-a102-74a45dc43aff,2.0,,,,,,,,,,,,,,,,,,,,,,,,,,,,,"(-19.3, 0.9, 8.7)","(-19.5, 1.8, 8.6)","(-19.4, 0.9, 8.3)",
PLAYER_POSITIONS,44452,6/5/2025 9:59:57 AM,9696512b-23bc-47d0-a102-74a45dc43aff,2.0,,,,,,,,,,,,,,,,,,,,,,,,,,,,,"(-19.3, 0.9, 8.7)","(-19.5, 1.8, 8.6)","(-19.4, 0.9, 8.3)",
PLAYER_POSITIONS,44969,6/5/2025 9:59:57 AM,9696512b-23bc-47d0-a102-74a45dc43aff,2.0,,,,,,,,,,,,,,,,,,,,,,,,,,,,,"(-19.3, 0.9, 8.7)","(-19.5, 1.8, 8.6)","(-19.4, 0.9, 8.3)",
PLAYER_POSITIONS,44969,6/5/2025 9:59:57 AM,9696512b-23bc-47d0-a102-74a45dc43aff,2.0,,,,,,,,,,,,,,,,,,,,,,,,,,,,,"(-19.3, 0.9, 8.7)","(-19.5, 1.8, 8.6)","(-19.4, 0.9, 8.3)",
PLAYER_POSITIONS,45493,6/5/2025 9:59:58 AM,9696512b-23bc-47d0-a102-74a45dc43aff,2.0,,,,,,,,,,,,,,,,,,,,,,,,,,,,,"(-19.3, 0.9, 8.7)","(-19.5, 1.8, 8.6)","(-19.4, 0.9, 8.3)",
PLAYER_POSITIONS,45493,6/5/2025 9:59:58 AM,9696512b-23bc-47d0-a102-74a45dc43aff,2.0,,,,,,,,,,,,,,,,,,,,,,,,,,,,,"(-19.3, 0.9, 8.7)","(-19.5, 1.8, 8.6)","(-19.4, 0.9, 8.3)",
PLAYER_POSITIONS,46019,6/5/2025 9:59:58 AM,9696512b-23bc-47d0-a102-74a45dc43aff,2.0,,,,,,,,,,,,,,,,,,,,,,,,,,,,,"(-19.3, 0.9, 8.7)","(-19.5, 1.8, 8.6)","(-19.4, 0.9, 8.3)",
PLAYER_POSITIONS,46019,6/5/2025 9:59:58 AM,9696512b-23bc-47d0-a102-74a45dc43aff,2.0,,,,,,,,,,,,,,,,,,,,,,,,,,,,,"(-19.3, 0.9, 8.7)","(-19.5, 1.8, 8.6)","(-19.4, 0.9, 8.3)",
PLAYER_POSITIONS,46519,6/5/2025 9:59:59 AM,9696512b-23bc-47d0-a102-74a45dc43aff,2.0,,,,,,,,,,,,,,,,,,,,,,,,,,,,,"(-19.3, 0.9, 8.7)","(-19.5, 1.8, 8.6)","(-19.4, 0.9, 8.3)",
PLAYER_POSITIONS,46519,6/5/2025 9:59:59 AM,9696512b-23bc-47d0-a102-74a45dc43aff,2.0,,,,,,,,,,,,,,,,,,,,,,,,,,,,,"(-19.3, 0.9, 8.7)","(-19.5, 1.8, 8.6)","(-19.4, 0.9, 8.3)",
PLAYER_POSITIONS,47046,6/5/2025 9:59:59 AM,9696512b-23bc-47d0-a102-74a45dc43aff,2.0,,,,,,,,,,,,,,,,,,,,,,,,,,,,,"(-19.3, 0.9, 8.7)","(-19.5, 1.8, 8.6)","(-19.4, 0.9, 8.3)",
PLAYER_POSITIONS,47046,6/5/2025 9:59:59 AM,9696512b-23bc-47d0-a102-74a45dc43aff,2.0,,,,,,,,,,,,,,,,,,,,,,,,,,,,,"(-19.3, 0.9, 8.7)","(-19.5, 1.8, 8.6)","(-19.4, 0.9, 8.3)",
PLAYER_POSITIONS,47546,6/5/2025 10:00:00 AM,9696512b-23bc-47d0-a102-74a45dc43aff,2.0,,,,,,,,,,,,,,,,,,,,,,,,,,,,,"(-19.3, 0.9, 8.7)","(-19.5, 1.8, 8.6)","(-19.4, 0.9, 8.3)",
PLAYER_POSITIONS,47546,6/5/2025 10:00:00 AM,9696512b-23bc-47d0-a102-74a45dc43aff,2.0,,,,,,,,,,,,,,,,,,,,,,,,,,,,,"(-19.3, 0.9, 8.7)","(-19.5, 1.8, 8.6)","(-19.4, 0.9, 8.3)",
PLAYER_POSITIONS,48074,6/5/2025 10:00:00 AM,9696512b-23bc-47d0-a102-74a45dc43aff,2.0,,,,,,,,,,,,,,,,,,,,,,,,,,,,,"(-19.3, 0.9, 8.7)","(-19.5, 1.8, 8.6)","(-19.4, 0.9, 8.3)",
PLAYER_POSITIONS,48074,6/5/2025 10:00:00 AM,9696512b-23bc-47d0-a102-74a45dc43aff,2.0,,,,,,,,,,,,,,,,,,,,,,,,,,,,,"(-19.3, 0.9, 8.7)","(-19.5, 1.8, 8.6)","(-19.4, 0.9, 8.3)",
PLAYER_POSITIONS,48574,6/5/2025 10:00:01 AM,9696512b-23bc-47d0-a102-74a45dc43aff,2.0,,,,,,,,,,,,,,,,,,,,,,,,,,,,,"(-19.3, 0.9, 8.7)","(-19.5, 1.8, 8.6)","(-19.4, 0.9, 8.3)",
PLAYER_POSITIONS,48574,6/5/2025 10:00:01 AM,9696512b-23bc-47d0-a102-74a45dc43aff,2.0,,,,,,,,,,,,,,,,,,,,,,,,,,,,,"(-19.3, 0.9, 8.7)","(-19.5, 1.8, 8.6)","(-19.4, 0.9, 8.3)",
PLAYER_POSITIONS,49074,6/5/2025 10:00:01 AM,9696512b-23bc-47d0-a102-74a45dc43aff,2.0,,,,,,,,,,,,,,,,,,,,,,,,,,,,,"(-19.3, 0.9, 8.7)","(-19.5, 1.8, 8.6)","(-19.4, 0.9, 8.3)",
PLAYER_POSITIONS,49074,6/5/2025 10:00:01 AM,9696512b-23bc-47d0-a102-74a45dc43aff,2.0,,,,,,,,,,,,,,,,,,,,,,,,,,,,,"(-19.3, 0.9, 8.7)","(-19.5, 1.8, 8.6)","(-19.4, 0.9, 8.3)",
PLAYER_POSITIONS,49602,6/5/2025 10:00:02 AM,9696512b-23bc-47d0-a102-74a45dc43aff,2.0,,,,,,,,,,,,,,,,,,,,,,,,,,,,,"(-19.3, 0.9, 8.7)","(-19.5, 1.8, 8.6)","(-19.4, 0.9, 8.3)",
PLAYER_POSITIONS,49602,6/5/2025 10:00:02 AM,9696512b-23bc-47d0-a102-74a45dc43aff,2.0,,,,,,,,,,,,,,,,,,,,,,,,,,,,,"(-19.3, 0.9, 8.7)","(-19.5, 1.8, 8.6)","(-19.4, 0.9, 8.3)",
PLAYER_POSITIONS,50102,6/5/2025 10:00:02 AM,9696512b-23bc-47d0-a102-74a45dc43aff,2.0,,,,,,,,,,,,,,,,,,,,,,,,,,,,,"(-19.3, 0.9, 8.7)","(-19.5, 1.8, 8.6)","(-19.4, 0.9, 8.3)",
PLAYER_POSITIONS,50102,6/5/2025 10:00:02 AM,9696512b-23bc-47d0-a102-74a45dc43aff,2.0,,,,,,,,,,,,,,,,,,,,,,,,,,,,,"(-19.3, 0.9, 8.7)","(-19.5, 1.8, 8.6)","(-19.4, 0.9, 8.3)",
PLAYER_POSITIONS,50603,6/5/2025 10:00:03 AM,9696512b-23bc-47d0-a102-74a45dc43aff,2.0,,,,,,,,,,,,,,,,,,,,,,,,,,,,,"(-19.3, 0.9, 8.7)","(-19.5, 1.8, 8.6)","(-19.4, 0.9, 8.3)",
PLAYER_POSITIONS,50603,6/5/2025 10:00:03 AM,9696512b-23bc-47d0-a102-74a45dc43aff,2.0,,,,,,,,,,,,,,,,,,,,,,,,,,,,,"(-19.3, 0.9, 8.7)","(-19.5, 1.8, 8.6)","(-19.4, 0.9, 8.3)",
PLAYER_POSITIONS,51129,6/5/2025 10:00:03 AM,9696512b-23bc-47d0-a102-74a45dc43aff,2.0,,,,,,,,,,,,,,,,,,,,,,,,,,,,,"(-19.3, 0.9, 8.7)","(-19.5, 1.8, 8.6)","(-19.4, 0.9, 8.3)",
PLAYER_POSITIONS,51129,6/5/2025 10:00:03 AM,9696512b-23bc-47d0-a102-74a45dc43aff,2.0,,,,,,,,,,,,,,,,,,,,,,,,,,,,,"(-19.3, 0.9, 8.7)","(-19.5, 1.8, 8.6)","(-19.4, 0.9, 8.3)",
PLAYER_POSITIONS,51630,6/5/2025 10:00:04 AM,9696512b-23bc-47d0-a102-74a45dc43aff,2.0,,,,,,,,,,,,,,,,,,,,,,,,,,,,,"(-19.3, 0.9, 8.7)","(-19.5, 1.8, 8.6)","(-19.4, 0.9, 8.3)",
PLAYER_POSITIONS,51630,6/5/2025 10:00:04 AM,9696512b-23bc-47d0-a102-74a45dc43aff,2.0,,,,,,,,,,,,,,,,,,,,,,,,,,,,,"(-19.3, 0.9, 8.7)","(-19.5, 1.8, 8.6)","(-19.4, 0.9, 8.3)",
PLAYER_POSITIONS,52130,6/5/2025 10:00:04 AM,9696512b-23bc-47d0-a102-74a45dc43aff,2.0,,,,,,,,,,,,,,,,,,,,,,,,,,,,,"(-19.3, 0.9, 8.7)","(-19.5, 1.8, 8.6)","(-19.4, 0.9, 8.3)",
PLAYER_POSITIONS,52130,6/5/2025 10:00:04 AM,9696512b-23bc-47d0-a102-74a45dc43aff,2.0,,,,,,,,,,,,,,,,,,,,,,,,,,,,,"(-19.3, 0.9, 8.7)","(-19.5, 1.8, 8.6)","(-19.4, 0.9, 8.3)",
PLAYER_POSITIONS,52630,6/5/2025 10:00:05 AM,9696512b-23bc-47d0-a102-74a45dc43aff,2.0,,,,,,,,,,,,,,,,,,,,,,,,,,,,,"(-19.3, 0.9, 8.7)","(-19.5, 1.8, 8.6)","(-19.4, 0.9, 8.3)",
PLAYER_POSITIONS,52630,6/5/2025 10:00:05 AM,9696512b-23bc-47d0-a102-74a45dc43aff,2.0,,,,,,,,,,,,,,,,,,,,,,,,,,,,,"(-19.3, 0.9, 8.7)","(-19.5, 1.8, 8.6)","(-19.4, 0.9, 8.3)",
PLAYER_POSITIONS,53158,6/5/2025 10:00:05 AM,9696512b-23bc-47d0-a102-74a45dc43aff,2.0,,,,,,,,,,,,,,,,,,,,,,,,,,,,,"(-19.3, 0.9, 8.7)","(-19.5, 1.8, 8.6)","(-19.4, 0.9, 8.3)",
PLAYER_POSITIONS,53158,6/5/2025 10:00:05 AM,9696512b-23bc-47d0-a102-74a45dc43aff,2.0,,,,,,,,,,,,,,,,,,,,,,,,,,,,,"(-19.3, 0.9, 8.7)","(-19.5, 1.8, 8.6)","(-19.4, 0.9, 8.3)",
PLAYER_POSITIONS,53685,6/5/2025 10:00:06 AM,9696512b-23bc-47d0-a102-74a45dc43aff,2.0,,,,,,,,,,,,,,,,,,,,,,,,,,,,,"(-19.3, 0.9, 8.7)","(-19.5, 1.8, 8.6)","(-19.4, 0.9, 8.3)",
PLAYER_POSITIONS,53685,6/5/2025 10:00:06 AM,9696512b-23bc-47d0-a102-74a45dc43aff,2.0,,,,,,,,,,,,,,,,,,,,,,,,,,,,,"(-19.3, 0.9, 8.7)","(-19.5, 1.8, 8.6)","(-19.4, 0.9, 8.3)",
PLAYER_POSITIONS,54212,6/5/2025 10:00:06 AM,9696512b-23bc-47d0-a102-74a45dc43aff,2.0,,,,,,,,,,,,,,,,,,,,,,,,,,,,,"(-19.3, 0.9, 8.7)","(-19.5, 1.8, 8.6)","(-19.4, 0.9, 8.3)",
PLAYER_POSITIONS,54212,6/5/2025 10:00:06 AM,9696512b-23bc-47d0-a102-74a45dc43aff,2.0,,,,,,,,,,,,,,,,,,,,,,,,,,,,,"(-19.3, 0.9, 8.7)","(-19.5, 1.8, 8.6)","(-19.4, 0.9, 8.3)",
PLAYER_POSITIONS,54713,6/5/2025 10:00:07 AM,9696512b-23bc-47d0-a102-74a45dc43aff,2.0,,,,,,,,,,,,,,,,,,,,,,,,,,,,,"(-19.3, 0.9, 8.7)","(-19.5, 1.8, 8.6)","(-19.4, 0.9, 8.3)",
PLAYER_POSITIONS,54713,6/5/2025 10:00:07 AM,9696512b-23bc-47d0-a102-74a45dc43aff,2.0,,,,,,,,,,,,,,,,,,,,,,,,,,,,,"(-19.3, 0.9, 8.7)","(-19.5, 1.8, 8.6)","(-19.4, 0.9, 8.3)",
PLAYER_POSITIONS,55241,6/5/2025 10:00:07 AM,9696512b-23bc-47d0-a102-74a45dc43aff,2.0,,,,,,,,,,,,,,,,,,,,,,,,,,,,,"(-19.3, 0.9, 8.7)","(-19.5, 1.8, 8.6)","(-19.4, 0.9, 8.3)",
PLAYER_POSITIONS,55241,6/5/2025 10:00:07 AM,9696512b-23bc-47d0-a102-74a45dc43aff,2.0,,,,,,,,,,,,,,,,,,,,,,,,,,,,,"(-19.3, 0.9, 8.7)","(-19.5, 1.8, 8.6)","(-19.4, 0.9, 8.3)",
PLAYER_POSITIONS,55741,6/5/2025 10:00:08 AM,9696512b-23bc-47d0-a102-74a45dc43aff,2.0,,,,,,,,,,,,,,,,,,,,,,,,,,,,,"(-19.3, 0.9, 8.7)","(-19.5, 1.8, 8.6)","(-19.4, 0.9, 8.3)",
PLAYER_POSITIONS,55741,6/5/2025 10:00:08 AM,9696512b-23bc-47d0-a102-74a45dc43aff,2.0,,,,,,,,,,,,,,,,,,,,,,,,,,,,,"(-19.3, 0.9, 8.7)","(-19.5, 1.8, 8.6)","(-19.4, 0.9, 8.3)",
PLAYER_POSITIONS,56268,6/5/2025 10:00:08 AM,9696512b-23bc-47d0-a102-74a45dc43aff,2.0,,,,,,,,,,,,,,,,,,,,,,,,,,,,,"(-19.3, 0.9, 8.7)","(-19.5, 1.8, 8.6)","(-19.4, 0.9, 8.3)",
PLAYER_POSITIONS,56268,6/5/2025 10:00:08 AM,9696512b-23bc-47d0-a102-74a45dc43aff,2.0,,,,,,,,,,,,,,,,,,,,,,,,,,,,,"(-19.3, 0.9, 8.7)","(-19.5, 1.8, 8.6)","(-19.4, 0.9, 8.3)",
PLAYER_POSITIONS,56769,6/5/2025 10:00:09 AM,9696512b-23bc-47d0-a102-74a45dc43aff,2.0,,,,,,,,,,,,,,,,,,,,,,,,,,,,,"(-19.3, 0.9, 8.7)","(-19.5, 1.8, 8.6)","(-19.4, 0.9, 8.3)",
PLAYER_POSITIONS,56769,6/5/2025 10:00:09 AM,9696512b-23bc-47d0-a102-74a45dc43aff,2.0,,,,,,,,,,,,,,,,,,,,,,,,,,,,,"(-19.3, 0.9, 8.7)","(-19.5, 1.8, 8.6)","(-19.4, 0.9, 8.3)",
PLAYER_POSITIONS,57297,6/5/2025 10:00:10 AM,9696512b-23bc-47d0-a102-74a45dc43aff,2.0,,,,,,,,,,,,,,,,,,,,,,,,,,,,,"(-19.3, 0.9, 8.7)","(-19.5, 1.8, 8.6)","(-19.4, 0.9, 8.3)",
PLAYER_POSITIONS,57297,6/5/2025 10:00:10 AM,9696512b-23bc-47d0-a102-74a45dc43aff,2.0,,,,,,,,,,,,,,,,,,,,,,,,,,,,,"(-19.3, 0.9, 8.7)","(-19.5, 1.8, 8.6)","(-19.4, 0.9, 8.3)",
PLAYER_POSITIONS,57798,6/5/2025 10:00:10 AM,9696512b-23bc-47d0-a102-74a45dc43aff,2.0,,,,,,,,,,,,,,,,,,,,,,,,,,,,,"(-19.3, 0.9, 8.7)","(-19.5, 1.8, 8.6)","(-19.4, 0.9, 8.3)",
PLAYER_POSITIONS,57798,6/5/2025 10:00:10 AM,9696512b-23bc-47d0-a102-74a45dc43aff,2.0,,,,,,,,,,,,,,,,,,,,,,,,,,,,,"(-19.3, 0.9, 8.7)","(-19.5, 1.8, 8.6)","(-19.4, 0.9, 8.3)",
PLAYER_POSITIONS,58324,6/5/2025 10:00:11 AM,9696512b-23bc-47d0-a102-74a45dc43aff,2.0,,,,,,,,,,,,,,,,,,,,,,,,,,,,,"(-19.3, 0.9, 8.7)","(-19.5, 1.8, 8.6)","(-19.4, 0.9, 8.3)",
PLAYER_POSITIONS,58324,6/5/2025 10:00:11 AM,9696512b-23bc-47d0-a102-74a45dc43aff,2.0,,,,,,,,,,,,,,,,,,,,,,,,,,,,,"(-19.3, 0.9, 8.7)","(-19.5, 1.8, 8.6)","(-19.4, 0.9, 8.3)",
PLAYER_POSITIONS,58851,6/5/2025 10:00:11 AM,9696512b-23bc-47d0-a102-74a45dc43aff,2.0,,,,,,,,,,,,,,,,,,,,,,,,,,,,,"(-19.3, 0.9, 8.7)","(-19.5, 1.8, 8.6)","(-19.4, 0.9, 8.3)",
PLAYER_POSITIONS,58851,6/5/2025 10:00:11 AM,9696512b-23bc-47d0-a102-74a45dc43aff,2.0,,,,,,,,,,,,,,,,,,,,,,,,,,,,,"(-19.3, 0.9, 8.7)","(-19.5, 1.8, 8.6)","(-19.4, 0.9, 8.3)",
PLAYER_POSITIONS,59352,6/5/2025 10:00:12 AM,9696512b-23bc-47d0-a102-74a45dc43aff,2.0,,,,,,,,,,,,,,,,,,,,,,,,,,,,,"(-19.3, 0.9, 8.7)","(-19.5, 1.8, 8.6)","(-19.4, 0.9, 8.3)",
PLAYER_POSITIONS,59352,6/5/2025 10:00:12 AM,9696512b-23bc-47d0-a102-74a45dc43aff,2.0,,,,,,,,,,,,,,,,,,,,,,,,,,,,,"(-19.3, 0.9, 8.7)","(-19.5, 1.8, 8.6)","(-19.4, 0.9, 8.3)",
PLAYER_POSITIONS,59879,6/5/2025 10:00:12 AM,9696512b-23bc-47d0-a102-74a45dc43aff,2.0,,,,,,,,,,,,,,,,,,,,,,,,,,,,,"(-19.3, 0.9, 8.7)","(-19.5, 1.8, 8.6)","(-19.4, 0.9, 8.3)",
PLAYER_POSITIONS,59879,6/5/2025 10:00:12 AM,9696512b-23bc-47d0-a102-74a45dc43aff,2.0,,,,,,,,,,,,,,,,,,,,,,,,,,,,,"(-19.3, 0.9, 8.7)","(-19.5, 1.8, 8.6)","(-19.4, 0.9, 8.3)",
PLAYER_POSITIONS,60379,6/5/2025 10:00:13 AM,9696512b-23bc-47d0-a102-74a45dc43aff,2.0,,,,,,,,,,,,,,,,,,,,,,,,,,,,,"(-19.3, 0.9, 8.7)","(-19.5, 1.8, 8.6)","(-19.4, 0.9, 8.3)",
PLAYER_POSITIONS,60379,6/5/2025 10:00:13 AM,9696512b-23bc-47d0-a102-74a45dc43aff,2.0,,,,,,,,,,,,,,,,,,,,,,,,,,,,,"(-19.3, 0.9, 8.7)","(-19.5, 1.8, 8.6)","(-19.4, 0.9, 8.3)",
PLAYER_POSITIONS,60879,6/5/2025 10:00:13 AM,9696512b-23bc-47d0-a102-74a45dc43aff,2.0,,,,,,,,,,,,,,,,,,,,,,,,,,,,,"(-19.3, 0.9, 8.7)","(-19.5, 1.8, 8.6)","(-19.4, 0.9, 8.3)",
PLAYER_POSITIONS,60879,6/5/2025 10:00:13 AM,9696512b-23bc-47d0-a102-74a45dc43aff,2.0,,,,,,,,,,,,,,,,,,,,,,,,,,,,,"(-19.3, 0.9, 8.7)","(-19.5, 1.8, 8.6)","(-19.4, 0.9, 8.3)",
PLAYER_POSITIONS,61407,6/5/2025 10:00:14 AM,9696512b-23bc-47d0-a102-74a45dc43aff,2.0,,,,,,,,,,,,,,,,,,,,,,,,,,,,,"(-19.3, 0.9, 8.7)","(-19.5, 1.8, 8.6)","(-19.4, 0.9, 8.3)",
PLAYER_POSITIONS,61407,6/5/2025 10:00:14 AM,9696512b-23bc-47d0-a102-74a45dc43aff,2.0,,,,,,,,,,,,,,,,,,,,,,,,,,,,,"(-19.3, 0.9, 8.7)","(-19.5, 1.8, 8.6)","(-19.4, 0.9, 8.3)",
PLAYER_POSITIONS,61935,6/5/2025 10:00:14 AM,9696512b-23bc-47d0-a102-74a45dc43aff,2.0,,,,,,,,,,,,,,,,,,,,,,,,,,,,,"(-19.3, 0.9, 8.7)","(-19.5, 1.8, 8.6)","(-19.4, 0.9, 8.3)",
PLAYER_POSITIONS,61935,6/5/2025 10:00:14 AM,9696512b-23bc-47d0-a102-74a45dc43aff,2.0,,,,,,,,,,,,,,,,,,,,,,,,,,,,,"(-19.3, 0.9, 8.7)","(-19.5, 1.8, 8.6)","(-19.4, 0.9, 8.3)",
PLAYER_POSITIONS,62462,6/5/2025 10:00:15 AM,9696512b-23bc-47d0-a102-74a45dc43aff,2.0,,,,,,,,,,,,,,,,,,,,,,,,,,,,,"(-19.3, 0.9, 8.7)","(-19.5, 1.8, 8.6)","(-19.4, 0.9, 8.3)",
PLAYER_POSITIONS,62462,6/5/2025 10:00:15 AM,9696512b-23bc-47d0-a102-74a45dc43aff,2.0,,,,,,,,,,,,,,,,,,,,,,,,,,,,,"(-19.3, 0.9, 8.7)","(-19.5, 1.8, 8.6)","(-19.4, 0.9, 8.3)",
PLAYER_POSITIONS,62963,6/5/2025 10:00:15 AM,9696512b-23bc-47d0-a102-74a45dc43aff,2.0,,,,,,,,,,,,,,,,,,,,,,,,,,,,,"(-19.3, 0.9, 8.7)","(-19.5, 1.8, 8.6)","(-19.4, 0.9, 8.3)",
PLAYER_POSITIONS,62963,6/5/2025 10:00:15 AM,9696512b-23bc-47d0-a102-74a45dc43aff,2.0,,,,,,,,,,,,,,,,,,,,,,,,,,,,,"(-19.3, 0.9, 8.7)","(-19.5, 1.8, 8.6)","(-19.4, 0.9, 8.3)",
PLAYER_POSITIONS,63490,6/5/2025 10:00:16 AM,9696512b-23bc-47d0-a102-74a45dc43aff,2.0,,,,,,,,,,,,,,,,,,,,,,,,,,,,,"(-19.3, 0.9, 8.7)","(-19.5, 1.8, 8.6)","(-19.4, 0.9, 8.3)",
PLAYER_POSITIONS,63490,6/5/2025 10:00:16 AM,9696512b-23bc-47d0-a102-74a45dc43aff,2.0,,,,,,,,,,,,,,,,,,,,,,,,,,,,,"(-19.3, 0.9, 8.7)","(-19.5, 1.8, 8.6)","(-19.4, 0.9, 8.3)",
