EventName,ElapsedTime,Timestamp,SessionID,Version,ButtonClickMessage,InjuryBodyRegion,InjuryName,InjuryPosition,InjuryRequiredProcedure,InjuryRequiredTreatmentCount,InjuryRequiredTreatmentsApplied,InjurySeverity,InjuryTreatedWithCorrectTreatment,InjuryTreatmentComplete,PatientBreathing,PatientHealthLevel,PatientHealthTimeRemaining,PatientHearing,PatientID,PatientMood,PatientPose,PatientPosition,PatientPulse,PatientRotation,PatientSpO2,PatientTriageLevel,PatientTriageSort,PlayerDirection,PlayerDistanceFromPatient,PlayerLeftHandPosition,PlayerPosition,PlayerRightHandPosition,TagType,TeleportPosition,ToolAttachMessage,ToolAttachParent,ToolCount,ToolMessageSender,ToolType,TriageSortCommand,VoiceCaptureCommandDescription,VoiceCaptureMessage,
SESSION_START,31573,9/26/2024 3:35:03 PM,d5ae24f7-dfa6-4a87-8c0c-e6e66fb15b6d,2.0,
PATIENT_RECORD,31574,9/26/2024 3:35:03 PM,d5ae24f7-dfa6-4a87-8c0c-e6e66fb15b6d,2.0,,,,,,,,,,,fast,100,Infinity,normal,casualty_o,agony,fetal,"(10.9, 0.0, -23.8)",fast,"(0.0, -0.7, 0.0, -0.8)",normal,IMMEDIATE,waver,
INJURY_RECORD,31574,9/26/2024 3:35:03 PM,d5ae24f7-dfa6-4a87-8c0c-e6e66fb15b6d,2.0,,abdomen,L Stomach Puncture,"(11.0, 1.0, -23.7)",woundpack,1,0,high,False,False,,,,,casualty_o,
INJURY_RECORD,31574,9/26/2024 3:35:03 PM,d5ae24f7-dfa6-4a87-8c0c-e6e66fb15b6d,2.0,,leftLeg,L Calf Shrapnel,"(10.9, 0.3, -23.7)",gauzeWrap,1,0,medium,False,False,,,,,casualty_o,
PATIENT_RECORD,31574,9/26/2024 3:35:03 PM,d5ae24f7-dfa6-4a87-8c0c-e6e66fb15b6d,2.0,,,,,,,,,,,fast,100,Infinity,normal,casualty_n,agony,supine,"(11.0, 0.0, -21.8)",fast,"(0.0, -1.0, 0.0, -0.2)",normal,IMMEDIATE,still,
INJURY_RECORD,31574,9/26/2024 3:35:03 PM,d5ae24f7-dfa6-4a87-8c0c-e6e66fb15b6d,2.0,,abdomen,L Stomach Laceration,"(11.1, 1.0, -21.8)",woundpack,1,0,medium,False,False,,,,,casualty_n,
INJURY_RECORD,31574,9/26/2024 3:35:03 PM,d5ae24f7-dfa6-4a87-8c0c-e6e66fb15b6d,2.0,,leftLeg,L Thigh Amputation,"(11.1, 0.6, -21.8)",tourniquet,1,0,medium,False,False,,,,,casualty_n,
PATIENT_RECORD,31574,9/26/2024 3:35:03 PM,d5ae24f7-dfa6-4a87-8c0c-e6e66fb15b6d,2.0,,,,,,,,,,,none,100,Infinity,normal,casualty_u,unresponsive,supine,"(21.4, 0.0, -11.2)",fast,"(0.0, 0.9, 0.0, -0.5)",normal,IMMEDIATE,still,
INJURY_RECORD,31574,9/26/2024 3:35:03 PM,d5ae24f7-dfa6-4a87-8c0c-e6e66fb15b6d,2.0,,rightLeg,R Calf Laceration,"(21.3, 0.3, -11.1)",gauzeWrap,1,0,low,False,False,,,,,casualty_u,
INJURY_RECORD,31574,9/26/2024 3:35:03 PM,d5ae24f7-dfa6-4a87-8c0c-e6e66fb15b6d,2.0,,head,Traumatic Brain Injury,"(21.4, 1.5, -11.2)",none,1,0,high,False,False,,,,,casualty_u,
PATIENT_RECORD,31574,9/26/2024 3:35:03 PM,d5ae24f7-dfa6-4a87-8c0c-e6e66fb15b6d,2.0,,,,,,,,,,,fast,100,Infinity,normal,casualty_w,agony,supine,"(19.9, 0.0, -10.2)",fast,"(0.0, 1.0, 0.0, 0.0)",normal,IMMEDIATE,waver,
INJURY_RECORD,31574,9/26/2024 3:35:03 PM,d5ae24f7-dfa6-4a87-8c0c-e6e66fb15b6d,2.0,,rightLeg,R Thigh Puncture,"(19.8, 0.6, -10.3)",tourniquet,1,0,medium,False,False,,,,,casualty_w,
PATIENT_RECORD,31574,9/26/2024 3:35:03 PM,d5ae24f7-dfa6-4a87-8c0c-e6e66fb15b6d,2.0,,,,,,,,,,,normal,100,128,normal,NPC 1,calm,standing,"(11.6, 0.0, -9.0)",normal,"(0.0, 0.9, 0.0, 0.5)",normal,MINIMAL,still,
PATIENT_RECORD,31574,9/26/2024 3:35:03 PM,d5ae24f7-dfa6-4a87-8c0c-e6e66fb15b6d,2.0,,,,,,,,,,,fast,100,Infinity,normal,casualty_x,agony,recovery,"(19.6, 0.0, -28.5)",fast,"(0.0, 0.9, 0.0, -0.4)",normal,IMMEDIATE,waver,
INJURY_RECORD,31574,9/26/2024 3:35:03 PM,d5ae24f7-dfa6-4a87-8c0c-e6e66fb15b6d,2.0,,leftLeg,L Thigh Puncture,"(19.6, 0.6, -28.6)",tourniquet,1,0,medium,False,False,,,,,casualty_x,
INJURY_RECORD,31574,9/26/2024 3:35:03 PM,d5ae24f7-dfa6-4a87-8c0c-e6e66fb15b6d,2.0,,rightLeg,R Calf Shrapnel,"(19.6, 0.3, -28.4)",gauzeWrap,1,0,medium,False,False,,,,,casualty_x,
PATIENT_RECORD,31574,9/26/2024 3:35:03 PM,d5ae24f7-dfa6-4a87-8c0c-e6e66fb15b6d,2.0,,,,,,,,,,,fast,100,Infinity,normal,casualty_y,agony,supine,"(21.1, 0.0, -30.3)",fast,"(0.0, 0.3, 0.0, 0.9)",normal,IMMEDIATE,waver,
INJURY_RECORD,31574,9/26/2024 3:35:03 PM,d5ae24f7-dfa6-4a87-8c0c-e6e66fb15b6d,2.0,,chest,L Shoulder Puncture,"(21.0, 1.4, -30.2)",woundpack,1,0,medium,False,False,,,,,casualty_y,
INJURY_RECORD,31574,9/26/2024 3:35:03 PM,d5ae24f7-dfa6-4a87-8c0c-e6e66fb15b6d,2.0,,leftLeg,L Thigh Laceration,"(21.1, 0.6, -30.1)",tourniquet,1,0,medium,False,False,,,,,casualty_y,
PATIENT_RECORD,31574,9/26/2024 3:35:03 PM,d5ae24f7-dfa6-4a87-8c0c-e6e66fb15b6d,2.0,,,,,,,,,,,fast,100,Infinity,normal,casualty_g,agony,supine,"(20.9, 2.0, -13.9)",fast,"(0.0, -0.6, 0.0, 0.8)",normal,IMMEDIATE,waver,
INJURY_RECORD,31574,9/26/2024 3:35:03 PM,d5ae24f7-dfa6-4a87-8c0c-e6e66fb15b6d,2.0,,abdomen,L Stomach Puncture,"(20.8, 3.1, -14.0)",woundpack,1,0,high,False,False,,,,,casualty_g,
PATIENT_RECORD,31574,9/26/2024 3:35:03 PM,d5ae24f7-dfa6-4a87-8c0c-e6e66fb15b6d,2.0,,,,,,,,,,,fast,100,Infinity,normal,casualty_h,agony,supine,"(17.6, 2.0, -13.8)",fast,"(0.0, -1.0, 0.0, -0.3)",normal,IMMEDIATE,waver,
INJURY_RECORD,31574,9/26/2024 3:35:03 PM,d5ae24f7-dfa6-4a87-8c0c-e6e66fb15b6d,2.0,,abdomen,L Stomach Laceration,"(17.8, 3.1, -13.9)",woundpack,1,0,medium,False,False,,,,,casualty_h,
INJURY_RECORD,31574,9/26/2024 3:35:03 PM,d5ae24f7-dfa6-4a87-8c0c-e6e66fb15b6d,2.0,,leftLeg,L Thigh Puncture,"(17.7, 2.6, -13.8)",tourniquet,1,0,medium,False,False,,,,,casualty_h,
PATIENT_RECORD,31574,9/26/2024 3:35:03 PM,d5ae24f7-dfa6-4a87-8c0c-e6e66fb15b6d,2.0,,,,,,,,,,,normal,100,128,normal,NPC 2,calm,standing,"(21.5, 2.0, -16.1)",normal,"(0.0, -0.4, 0.0, 0.9)",normal,MINIMAL,still,
PATIENT_RECORD,31574,9/26/2024 3:35:03 PM,d5ae24f7-dfa6-4a87-8c0c-e6e66fb15b6d,2.0,,,,,,,,,,,fast,100,Infinity,normal,casualty_a,agony,sittingGround,"(13.0, 2.0, -21.7)",fast,"(0.0, 0.0, 0.0, 1.0)",normal,IMMEDIATE,waver,
INJURY_RECORD,31574,9/26/2024 3:35:03 PM,d5ae24f7-dfa6-4a87-8c0c-e6e66fb15b6d,2.0,,rightLeg,R Lower Leg Burn,"(13.1, 2.3, -21.7)",burnDressing,1,0,high,False,False,,,,,casualty_a,
INJURY_RECORD,31574,9/26/2024 3:35:03 PM,d5ae24f7-dfa6-4a87-8c0c-e6e66fb15b6d,2.0,,rightLeg,R Upper Leg Burn,"(13.1, 2.6, -21.6)",burnDressing,1,0,high,False,False,,,,,casualty_a,
PATIENT_RECORD,31574,9/26/2024 3:35:03 PM,d5ae24f7-dfa6-4a87-8c0c-e6e66fb15b6d,2.0,,,,,,,,,,,fast,100,Infinity,normal,casualty_z,agony,supine,"(10.2, 2.0, -22.1)",fast,"(0.0, 0.0, 0.0, 1.0)",normal,IMMEDIATE,waver,
INJURY_RECORD,31574,9/26/2024 3:35:03 PM,d5ae24f7-dfa6-4a87-8c0c-e6e66fb15b6d,2.0,,rightArm,R Forearm Laceration,"(10.7, 3.4, -22.1)",gauzeWrap,1,0,low,False,False,,,,,casualty_z,
INJURY_RECORD,31574,9/26/2024 3:35:03 PM,d5ae24f7-dfa6-4a87-8c0c-e6e66fb15b6d,2.0,,rightLeg,R Calf Laceration,"(10.3, 2.3, -22.1)",gauzeWrap,1,0,low,False,False,,,,,casualty_z,
INJURY_RECORD,31574,9/26/2024 3:35:03 PM,d5ae24f7-dfa6-4a87-8c0c-e6e66fb15b6d,2.0,,leftLeg,L Thigh Laceration,"(10.0, 2.7, -22.1)",tourniquet,1,0,medium,False,False,,,,,casualty_z,
PATIENT_RECORD,31574,9/26/2024 3:35:03 PM,d5ae24f7-dfa6-4a87-8c0c-e6e66fb15b6d,2.0,,,,,,,,,,,fast,100,128,normal,casualty_l,agony,supine,"(12.8, 2.0, -26.1)",fast,"(0.0, -1.0, 0.0, -0.2)",normal,IMMEDIATE,waver,
INJURY_RECORD,31574,9/26/2024 3:35:03 PM,d5ae24f7-dfa6-4a87-8c0c-e6e66fb15b6d,2.0,,fullBody,L Body Burn,"(0.0, 0.0, 0.0)",none,1,0,high,False,False,,,,,casualty_l,
INJURY_RECORD,31574,9/26/2024 3:35:03 PM,d5ae24f7-dfa6-4a87-8c0c-e6e66fb15b6d,2.0,,fullBody,R Body Burn,"(0.0, 0.0, 0.0)",none,1,0,high,False,False,,,,,casualty_l,
PATIENT_RECORD,31574,9/26/2024 3:35:03 PM,d5ae24f7-dfa6-4a87-8c0c-e6e66fb15b6d,2.0,,,,,,,,,,,fast,100,Infinity,normal,casualty_m,agony,supine,"(16.6, 2.0, -26.4)",fast,"(0.0, 0.0, 0.0, 1.0)",normal,IMMEDIATE,still,
INJURY_RECORD,31574,9/26/2024 3:35:03 PM,d5ae24f7-dfa6-4a87-8c0c-e6e66fb15b6d,2.0,,leftLeg,L Shin Amputation,"(16.5, 2.4, -26.4)",tourniquet,1,0,high,False,False,,,,,casualty_m,
INJURY_RECORD,31574,9/26/2024 3:35:03 PM,d5ae24f7-dfa6-4a87-8c0c-e6e66fb15b6d,2.0,,rightLeg,R Thigh Amputation,"(16.7, 2.7, -26.4)",tourniquet,1,0,medium,False,False,,,,,casualty_m,
PATIENT_RECORD,31574,9/26/2024 3:35:03 PM,d5ae24f7-dfa6-4a87-8c0c-e6e66fb15b6d,2.0,,,,,,,,,,,normal,100,Infinity,normal,NPC 3,calm,standing,"(15.0, 3.0, -27.1)",normal,"(0.0, 0.0, 0.0, 1.0)",normal,MINIMAL,still,
PLAYER_POSITIONS,31778,9/26/2024 3:35:03 PM,d5ae24f7-dfa6-4a87-8c0c-e6e66fb15b6d,2.0,,,,,,,,,,,,,,,,,,,,,,,,,,"(13.9, 0.7, -23.1)","(13.9, 1.4, -23.0)","(13.8, 0.7, -22.9)",
PLAYER_POSITIONS,31778,9/26/2024 3:35:03 PM,d5ae24f7-dfa6-4a87-8c0c-e6e66fb15b6d,2.0,,,,,,,,,,,,,,,,,,,,,,,,,,"(13.9, 0.7, -23.1)","(13.9, 1.4, -23.0)","(13.8, 0.7, -22.9)",
PLAYER_POSITIONS,32663,9/26/2024 3:35:04 PM,d5ae24f7-dfa6-4a87-8c0c-e6e66fb15b6d,2.0,,,,,,,,,,,,,,,,,,,,,,,,,,"(13.9, 0.7, -23.1)","(13.9, 1.4, -23.0)","(13.8, 0.7, -22.9)",
PLAYER_POSITIONS,32663,9/26/2024 3:35:04 PM,d5ae24f7-dfa6-4a87-8c0c-e6e66fb15b6d,2.0,,,,,,,,,,,,,,,,,,,,,,,,,,"(13.9, 0.7, -23.1)","(13.9, 1.4, -23.0)","(13.8, 0.7, -22.9)",
PLAYER_POSITIONS,33187,9/26/2024 3:35:05 PM,d5ae24f7-dfa6-4a87-8c0c-e6e66fb15b6d,2.0,,,,,,,,,,,,,,,,,,,,,,,,,,"(13.9, 0.7, -23.1)","(13.9, 1.4, -23.0)","(13.8, 0.7, -22.9)",
PLAYER_POSITIONS,33187,9/26/2024 3:35:05 PM,d5ae24f7-dfa6-4a87-8c0c-e6e66fb15b6d,2.0,,,,,,,,,,,,,,,,,,,,,,,,,,"(13.9, 0.7, -23.1)","(13.9, 1.4, -23.0)","(13.8, 0.7, -22.9)",
PLAYER_POSITIONS,33715,9/26/2024 3:35:05 PM,d5ae24f7-dfa6-4a87-8c0c-e6e66fb15b6d,2.0,,,,,,,,,,,,,,,,,,,,,,,,,,"(13.9, 0.7, -23.1)","(13.9, 1.4, -23.0)","(13.8, 0.7, -22.9)",
PLAYER_POSITIONS,33715,9/26/2024 3:35:05 PM,d5ae24f7-dfa6-4a87-8c0c-e6e66fb15b6d,2.0,,,,,,,,,,,,,,,,,,,,,,,,,,"(13.9, 0.7, -23.1)","(13.9, 1.4, -23.0)","(13.8, 0.7, -22.9)",
PLAYER_POSITIONS,34257,9/26/2024 3:35:06 PM,d5ae24f7-dfa6-4a87-8c0c-e6e66fb15b6d,2.0,,,,,,,,,,,,,,,,,,,,,,,,,,"(13.9, 0.7, -23.1)","(13.9, 1.4, -23.0)","(13.8, 0.7, -22.9)",
PLAYER_POSITIONS,34257,9/26/2024 3:35:06 PM,d5ae24f7-dfa6-4a87-8c0c-e6e66fb15b6d,2.0,,,,,,,,,,,,,,,,,,,,,,,,,,"(13.9, 0.7, -23.1)","(13.9, 1.4, -23.0)","(13.8, 0.7, -22.9)",
PLAYER_POSITIONS,34773,9/26/2024 3:35:06 PM,d5ae24f7-dfa6-4a87-8c0c-e6e66fb15b6d,2.0,,,,,,,,,,,,,,,,,,,,,,,,,,"(13.9, 0.7, -23.1)","(13.9, 1.4, -23.0)","(13.8, 0.7, -22.9)",
PLAYER_POSITIONS,34773,9/26/2024 3:35:06 PM,d5ae24f7-dfa6-4a87-8c0c-e6e66fb15b6d,2.0,,,,,,,,,,,,,,,,,,,,,,,,,,"(13.9, 0.7, -23.1)","(13.9, 1.4, -23.0)","(13.8, 0.7, -22.9)",
PLAYER_POSITIONS,35346,9/26/2024 3:35:07 PM,d5ae24f7-dfa6-4a87-8c0c-e6e66fb15b6d,2.0,,,,,,,,,,,,,,,,,,,,,,,,,,"(13.9, 0.7, -23.1)","(13.9, 1.4, -23.0)","(13.8, 0.7, -22.9)",
PLAYER_POSITIONS,35346,9/26/2024 3:35:07 PM,d5ae24f7-dfa6-4a87-8c0c-e6e66fb15b6d,2.0,,,,,,,,,,,,,,,,,,,,,,,,,,"(13.9, 0.7, -23.1)","(13.9, 1.4, -23.0)","(13.8, 0.7, -22.9)",
PLAYER_POSITIONS,35865,9/26/2024 3:35:07 PM,d5ae24f7-dfa6-4a87-8c0c-e6e66fb15b6d,2.0,,,,,,,,,,,,,,,,,,,,,,,,,,"(13.9, 0.7, -23.1)","(13.9, 1.4, -23.0)","(13.8, 0.7, -22.9)",
PLAYER_POSITIONS,35865,9/26/2024 3:35:07 PM,d5ae24f7-dfa6-4a87-8c0c-e6e66fb15b6d,2.0,,,,,,,,,,,,,,,,,,,,,,,,,,"(13.9, 0.7, -23.1)","(13.9, 1.4, -23.0)","(13.8, 0.7, -22.9)",
PLAYER_POSITIONS,36398,9/26/2024 3:35:08 PM,d5ae24f7-dfa6-4a87-8c0c-e6e66fb15b6d,2.0,,,,,,,,,,,,,,,,,,,,,,,,,,"(13.9, 0.7, -23.1)","(13.9, 1.4, -23.0)","(13.8, 0.7, -22.9)",
PLAYER_POSITIONS,36398,9/26/2024 3:35:08 PM,d5ae24f7-dfa6-4a87-8c0c-e6e66fb15b6d,2.0,,,,,,,,,,,,,,,,,,,,,,,,,,"(13.9, 0.7, -23.1)","(13.9, 1.4, -23.0)","(13.8, 0.7, -22.9)",
PLAYER_POSITIONS,36918,9/26/2024 3:35:08 PM,d5ae24f7-dfa6-4a87-8c0c-e6e66fb15b6d,2.0,,,,,,,,,,,,,,,,,,,,,,,,,,"(13.9, 0.7, -23.1)","(13.9, 1.4, -23.0)","(13.8, 0.7, -22.9)",
PLAYER_POSITIONS,36918,9/26/2024 3:35:08 PM,d5ae24f7-dfa6-4a87-8c0c-e6e66fb15b6d,2.0,,,,,,,,,,,,,,,,,,,,,,,,,,"(13.9, 0.7, -23.1)","(13.9, 1.4, -23.0)","(13.8, 0.7, -22.9)",
PLAYER_POSITIONS,37437,9/26/2024 3:35:09 PM,d5ae24f7-dfa6-4a87-8c0c-e6e66fb15b6d,2.0,,,,,,,,,,,,,,,,,,,,,,,,,,"(13.9, 0.7, -23.1)","(13.9, 1.4, -23.0)","(13.8, 0.7, -22.9)",
PLAYER_POSITIONS,37437,9/26/2024 3:35:09 PM,d5ae24f7-dfa6-4a87-8c0c-e6e66fb15b6d,2.0,,,,,,,,,,,,,,,,,,,,,,,,,,"(13.9, 0.7, -23.1)","(13.9, 1.4, -23.0)","(13.8, 0.7, -22.9)",
PLAYER_POSITIONS,37957,9/26/2024 3:35:09 PM,d5ae24f7-dfa6-4a87-8c0c-e6e66fb15b6d,2.0,,,,,,,,,,,,,,,,,,,,,,,,,,"(13.9, 0.7, -23.1)","(13.9, 1.4, -23.0)","(13.8, 0.7, -22.9)",
PLAYER_POSITIONS,37957,9/26/2024 3:35:09 PM,d5ae24f7-dfa6-4a87-8c0c-e6e66fb15b6d,2.0,,,,,,,,,,,,,,,,,,,,,,,,,,"(13.9, 0.7, -23.1)","(13.9, 1.4, -23.0)","(13.8, 0.7, -22.9)",
PLAYER_POSITIONS,38478,9/26/2024 3:35:10 PM,d5ae24f7-dfa6-4a87-8c0c-e6e66fb15b6d,2.0,,,,,,,,,,,,,,,,,,,,,,,,,,"(13.9, 0.7, -23.1)","(13.9, 1.4, -23.0)","(13.8, 0.7, -22.9)",
PLAYER_POSITIONS,38478,9/26/2024 3:35:10 PM,d5ae24f7-dfa6-4a87-8c0c-e6e66fb15b6d,2.0,,,,,,,,,,,,,,,,,,,,,,,,,,"(13.9, 0.7, -23.1)","(13.9, 1.4, -23.0)","(13.8, 0.7, -22.9)",
PLAYER_POSITIONS,38981,9/26/2024 3:35:10 PM,d5ae24f7-dfa6-4a87-8c0c-e6e66fb15b6d,2.0,,,,,,,,,,,,,,,,,,,,,,,,,,"(13.9, 0.7, -23.1)","(13.9, 1.4, -23.0)","(13.8, 0.7, -22.9)",
PLAYER_POSITIONS,38981,9/26/2024 3:35:10 PM,d5ae24f7-dfa6-4a87-8c0c-e6e66fb15b6d,2.0,,,,,,,,,,,,,,,,,,,,,,,,,,"(13.9, 0.7, -23.1)","(13.9, 1.4, -23.0)","(13.8, 0.7, -22.9)",
PLAYER_POSITIONS,39512,9/26/2024 3:35:11 PM,d5ae24f7-dfa6-4a87-8c0c-e6e66fb15b6d,2.0,,,,,,,,,,,,,,,,,,,,,,,,,,"(13.9, 0.7, -23.1)","(13.9, 1.4, -23.0)","(13.8, 0.7, -22.9)",
PLAYER_POSITIONS,39512,9/26/2024 3:35:11 PM,d5ae24f7-dfa6-4a87-8c0c-e6e66fb15b6d,2.0,,,,,,,,,,,,,,,,,,,,,,,,,,"(13.9, 0.7, -23.1)","(13.9, 1.4, -23.0)","(13.8, 0.7, -22.9)",
PLAYER_POSITIONS,40034,9/26/2024 3:35:11 PM,d5ae24f7-dfa6-4a87-8c0c-e6e66fb15b6d,2.0,,,,,,,,,,,,,,,,,,,,,,,,,,"(13.9, 0.7, -23.1)","(13.9, 1.4, -23.0)","(13.8, 0.7, -22.9)",
PLAYER_POSITIONS,40034,9/26/2024 3:35:11 PM,d5ae24f7-dfa6-4a87-8c0c-e6e66fb15b6d,2.0,,,,,,,,,,,,,,,,,,,,,,,,,,"(13.9, 0.7, -23.1)","(13.9, 1.4, -23.0)","(13.8, 0.7, -22.9)",
PLAYER_POSITIONS,40560,9/26/2024 3:35:12 PM,d5ae24f7-dfa6-4a87-8c0c-e6e66fb15b6d,2.0,,,,,,,,,,,,,,,,,,,,,,,,,,"(13.9, 0.7, -23.1)","(13.9, 1.4, -23.0)","(13.8, 0.7, -22.9)",
PLAYER_POSITIONS,40560,9/26/2024 3:35:12 PM,d5ae24f7-dfa6-4a87-8c0c-e6e66fb15b6d,2.0,,,,,,,,,,,,,,,,,,,,,,,,,,"(13.9, 0.7, -23.1)","(13.9, 1.4, -23.0)","(13.8, 0.7, -22.9)",
PLAYER_POSITIONS,41060,9/26/2024 3:35:12 PM,d5ae24f7-dfa6-4a87-8c0c-e6e66fb15b6d,2.0,,,,,,,,,,,,,,,,,,,,,,,,,,"(13.9, 0.7, -23.1)","(13.9, 1.4, -23.0)","(13.8, 0.7, -22.9)",
PLAYER_POSITIONS,41060,9/26/2024 3:35:12 PM,d5ae24f7-dfa6-4a87-8c0c-e6e66fb15b6d,2.0,,,,,,,,,,,,,,,,,,,,,,,,,,"(13.9, 0.7, -23.1)","(13.9, 1.4, -23.0)","(13.8, 0.7, -22.9)",
PLAYER_POSITIONS,41561,9/26/2024 3:35:13 PM,d5ae24f7-dfa6-4a87-8c0c-e6e66fb15b6d,2.0,,,,,,,,,,,,,,,,,,,,,,,,,,"(13.9, 0.7, -23.1)","(13.9, 1.4, -23.0)","(13.8, 0.7, -22.9)",
PLAYER_POSITIONS,41561,9/26/2024 3:35:13 PM,d5ae24f7-dfa6-4a87-8c0c-e6e66fb15b6d,2.0,,,,,,,,,,,,,,,,,,,,,,,,,,"(13.9, 0.7, -23.1)","(13.9, 1.4, -23.0)","(13.8, 0.7, -22.9)",
PLAYER_POSITIONS,42088,9/26/2024 3:35:13 PM,d5ae24f7-dfa6-4a87-8c0c-e6e66fb15b6d,2.0,,,,,,,,,,,,,,,,,,,,,,,,,,"(13.9, 0.7, -23.1)","(13.9, 1.4, -23.0)","(13.8, 0.7, -22.8)",
PLAYER_POSITIONS,42088,9/26/2024 3:35:13 PM,d5ae24f7-dfa6-4a87-8c0c-e6e66fb15b6d,2.0,,,,,,,,,,,,,,,,,,,,,,,,,,"(13.9, 0.7, -23.1)","(13.9, 1.4, -23.0)","(13.8, 0.7, -22.8)",
PLAYER_POSITIONS,42617,9/26/2024 3:35:14 PM,d5ae24f7-dfa6-4a87-8c0c-e6e66fb15b6d,2.0,,,,,,,,,,,,,,,,,,,,,,,,,,"(13.9, 0.7, -23.1)","(13.9, 1.4, -23.0)","(13.9, 0.7, -22.9)",
PLAYER_POSITIONS,42617,9/26/2024 3:35:14 PM,d5ae24f7-dfa6-4a87-8c0c-e6e66fb15b6d,2.0,,,,,,,,,,,,,,,,,,,,,,,,,,"(13.9, 0.7, -23.1)","(13.9, 1.4, -23.0)","(13.9, 0.7, -22.9)",
PLAYER_POSITIONS,43144,9/26/2024 3:35:15 PM,d5ae24f7-dfa6-4a87-8c0c-e6e66fb15b6d,2.0,,,,,,,,,,,,,,,,,,,,,,,,,,"(13.9, 0.7, -23.2)","(13.9, 1.4, -23.0)","(13.9, 0.7, -22.9)",
PLAYER_POSITIONS,43144,9/26/2024 3:35:15 PM,d5ae24f7-dfa6-4a87-8c0c-e6e66fb15b6d,2.0,,,,,,,,,,,,,,,,,,,,,,,,,,"(13.9, 0.7, -23.2)","(13.9, 1.4, -23.0)","(13.9, 0.7, -22.9)",
PLAYER_POSITIONS,43671,9/26/2024 3:35:15 PM,d5ae24f7-dfa6-4a87-8c0c-e6e66fb15b6d,2.0,,,,,,,,,,,,,,,,,,,,,,,,,,"(13.9, 0.7, -23.1)","(13.9, 1.4, -23.0)","(13.9, 0.7, -22.9)",
PLAYER_POSITIONS,43671,9/26/2024 3:35:15 PM,d5ae24f7-dfa6-4a87-8c0c-e6e66fb15b6d,2.0,,,,,,,,,,,,,,,,,,,,,,,,,,"(13.9, 0.7, -23.1)","(13.9, 1.4, -23.0)","(13.9, 0.7, -22.9)",
PLAYER_POSITIONS,44173,9/26/2024 3:35:16 PM,d5ae24f7-dfa6-4a87-8c0c-e6e66fb15b6d,2.0,,,,,,,,,,,,,,,,,,,,,,,,,,"(13.9, 0.7, -23.1)","(13.9, 1.4, -23.0)","(13.9, 0.7, -22.9)",
PLAYER_POSITIONS,44173,9/26/2024 3:35:16 PM,d5ae24f7-dfa6-4a87-8c0c-e6e66fb15b6d,2.0,,,,,,,,,,,,,,,,,,,,,,,,,,"(13.9, 0.7, -23.1)","(13.9, 1.4, -23.0)","(13.9, 0.7, -22.9)",
PLAYER_POSITIONS,44673,9/26/2024 3:35:16 PM,d5ae24f7-dfa6-4a87-8c0c-e6e66fb15b6d,2.0,,,,,,,,,,,,,,,,,,,,,,,,,,"(13.9, 0.7, -23.1)","(13.9, 1.4, -23.0)","(13.8, 0.7, -22.9)",
PLAYER_POSITIONS,44673,9/26/2024 3:35:16 PM,d5ae24f7-dfa6-4a87-8c0c-e6e66fb15b6d,2.0,,,,,,,,,,,,,,,,,,,,,,,,,,"(13.9, 0.7, -23.1)","(13.9, 1.4, -23.0)","(13.8, 0.7, -22.9)",
PLAYER_POSITIONS,45174,9/26/2024 3:35:17 PM,d5ae24f7-dfa6-4a87-8c0c-e6e66fb15b6d,2.0,,,,,,,,,,,,,,,,,,,,,,,,,,"(13.9, 0.7, -23.1)","(13.9, 1.4, -23.0)","(13.9, 0.7, -22.9)",
PLAYER_POSITIONS,45174,9/26/2024 3:35:17 PM,d5ae24f7-dfa6-4a87-8c0c-e6e66fb15b6d,2.0,,,,,,,,,,,,,,,,,,,,,,,,,,"(13.9, 0.7, -23.1)","(13.9, 1.4, -23.0)","(13.9, 0.7, -22.9)",
PLAYER_POSITIONS,45701,9/26/2024 3:35:17 PM,d5ae24f7-dfa6-4a87-8c0c-e6e66fb15b6d,2.0,,,,,,,,,,,,,,,,,,,,,,,,,,"(13.9, 0.7, -23.1)","(13.9, 1.4, -23.0)","(13.8, 0.7, -22.9)",
PLAYER_POSITIONS,45701,9/26/2024 3:35:17 PM,d5ae24f7-dfa6-4a87-8c0c-e6e66fb15b6d,2.0,,,,,,,,,,,,,,,,,,,,,,,,,,"(13.9, 0.7, -23.1)","(13.9, 1.4, -23.0)","(13.8, 0.7, -22.9)",
PLAYER_POSITIONS,46228,9/26/2024 3:35:18 PM,d5ae24f7-dfa6-4a87-8c0c-e6e66fb15b6d,2.0,,,,,,,,,,,,,,,,,,,,,,,,,,"(13.9, 0.7, -23.1)","(13.9, 1.4, -23.0)","(13.8, 0.7, -22.8)",
PLAYER_POSITIONS,46228,9/26/2024 3:35:18 PM,d5ae24f7-dfa6-4a87-8c0c-e6e66fb15b6d,2.0,,,,,,,,,,,,,,,,,,,,,,,,,,"(13.9, 0.7, -23.1)","(13.9, 1.4, -23.0)","(13.8, 0.7, -22.8)",
PLAYER_POSITIONS,46729,9/26/2024 3:35:18 PM,d5ae24f7-dfa6-4a87-8c0c-e6e66fb15b6d,2.0,,,,,,,,,,,,,,,,,,,,,,,,,,"(13.9, 0.7, -23.1)","(13.9, 1.4, -23.0)","(13.8, 0.7, -22.9)",
PLAYER_POSITIONS,46729,9/26/2024 3:35:18 PM,d5ae24f7-dfa6-4a87-8c0c-e6e66fb15b6d,2.0,,,,,,,,,,,,,,,,,,,,,,,,,,"(13.9, 0.7, -23.1)","(13.9, 1.4, -23.0)","(13.8, 0.7, -22.9)",
PLAYER_POSITIONS,47234,9/26/2024 3:35:19 PM,d5ae24f7-dfa6-4a87-8c0c-e6e66fb15b6d,2.0,,,,,,,,,,,,,,,,,,,,,,,,,,"(13.9, 0.7, -23.1)","(13.9, 1.4, -23.0)","(13.8, 0.7, -22.9)",
PLAYER_POSITIONS,47234,9/26/2024 3:35:19 PM,d5ae24f7-dfa6-4a87-8c0c-e6e66fb15b6d,2.0,,,,,,,,,,,,,,,,,,,,,,,,,,"(13.9, 0.7, -23.1)","(13.9, 1.4, -23.0)","(13.8, 0.7, -22.9)",
PLAYER_POSITIONS,47756,9/26/2024 3:35:19 PM,d5ae24f7-dfa6-4a87-8c0c-e6e66fb15b6d,2.0,,,,,,,,,,,,,,,,,,,,,,,,,,"(13.9, 0.7, -23.1)","(13.9, 1.4, -23.0)","(13.8, 0.7, -22.9)",
PLAYER_POSITIONS,47756,9/26/2024 3:35:19 PM,d5ae24f7-dfa6-4a87-8c0c-e6e66fb15b6d,2.0,,,,,,,,,,,,,,,,,,,,,,,,,,"(13.9, 0.7, -23.1)","(13.9, 1.4, -23.0)","(13.8, 0.7, -22.9)",
PLAYER_POSITIONS,48283,9/26/2024 3:35:20 PM,d5ae24f7-dfa6-4a87-8c0c-e6e66fb15b6d,2.0,,,,,,,,,,,,,,,,,,,,,,,,,,"(13.9, 0.7, -23.1)","(13.9, 1.4, -23.0)","(13.8, 0.7, -22.9)",
PLAYER_POSITIONS,48283,9/26/2024 3:35:20 PM,d5ae24f7-dfa6-4a87-8c0c-e6e66fb15b6d,2.0,,,,,,,,,,,,,,,,,,,,,,,,,,"(13.9, 0.7, -23.1)","(13.9, 1.4, -23.0)","(13.8, 0.7, -22.9)",
PLAYER_POSITIONS,48784,9/26/2024 3:35:20 PM,d5ae24f7-dfa6-4a87-8c0c-e6e66fb15b6d,2.0,,,,,,,,,,,,,,,,,,,,,,,,,,"(13.9, 0.7, -23.1)","(13.9, 1.4, -23.0)","(13.8, 0.7, -22.9)",
PLAYER_POSITIONS,48784,9/26/2024 3:35:20 PM,d5ae24f7-dfa6-4a87-8c0c-e6e66fb15b6d,2.0,,,,,,,,,,,,,,,,,,,,,,,,,,"(13.9, 0.7, -23.1)","(13.9, 1.4, -23.0)","(13.8, 0.7, -22.9)",
PLAYER_POSITIONS,49311,9/26/2024 3:35:21 PM,d5ae24f7-dfa6-4a87-8c0c-e6e66fb15b6d,2.0,,,,,,,,,,,,,,,,,,,,,,,,,,"(13.9, 0.7, -23.1)","(13.9, 1.4, -23.0)","(13.8, 0.7, -22.9)",
PLAYER_POSITIONS,49311,9/26/2024 3:35:21 PM,d5ae24f7-dfa6-4a87-8c0c-e6e66fb15b6d,2.0,,,,,,,,,,,,,,,,,,,,,,,,,,"(13.9, 0.7, -23.1)","(13.9, 1.4, -23.0)","(13.8, 0.7, -22.9)",
PLAYER_POSITIONS,49811,9/26/2024 3:35:21 PM,d5ae24f7-dfa6-4a87-8c0c-e6e66fb15b6d,2.0,,,,,,,,,,,,,,,,,,,,,,,,,,"(13.9, 0.7, -23.1)","(13.9, 1.4, -23.0)","(13.8, 0.7, -22.9)",
PLAYER_POSITIONS,49811,9/26/2024 3:35:21 PM,d5ae24f7-dfa6-4a87-8c0c-e6e66fb15b6d,2.0,,,,,,,,,,,,,,,,,,,,,,,,,,"(13.9, 0.7, -23.1)","(13.9, 1.4, -23.0)","(13.8, 0.7, -22.9)",
PLAYER_POSITIONS,50339,9/26/2024 3:35:22 PM,d5ae24f7-dfa6-4a87-8c0c-e6e66fb15b6d,2.0,,,,,,,,,,,,,,,,,,,,,,,,,,"(13.9, 0.7, -23.1)","(13.9, 1.4, -23.0)","(13.8, 0.7, -22.9)",
PLAYER_POSITIONS,50339,9/26/2024 3:35:22 PM,d5ae24f7-dfa6-4a87-8c0c-e6e66fb15b6d,2.0,,,,,,,,,,,,,,,,,,,,,,,,,,"(13.9, 0.7, -23.1)","(13.9, 1.4, -23.0)","(13.8, 0.7, -22.9)",
PLAYER_POSITIONS,50839,9/26/2024 3:35:22 PM,d5ae24f7-dfa6-4a87-8c0c-e6e66fb15b6d,2.0,,,,,,,,,,,,,,,,,,,,,,,,,,"(13.9, 0.7, -23.1)","(13.9, 1.4, -23.0)","(13.8, 0.7, -22.9)",
PLAYER_POSITIONS,50839,9/26/2024 3:35:22 PM,d5ae24f7-dfa6-4a87-8c0c-e6e66fb15b6d,2.0,,,,,,,,,,,,,,,,,,,,,,,,,,"(13.9, 0.7, -23.1)","(13.9, 1.4, -23.0)","(13.8, 0.7, -22.9)",
PLAYER_POSITIONS,51367,9/26/2024 3:35:23 PM,d5ae24f7-dfa6-4a87-8c0c-e6e66fb15b6d,2.0,,,,,,,,,,,,,,,,,,,,,,,,,,"(13.9, 0.7, -23.1)","(13.9, 1.4, -23.0)","(13.8, 0.7, -22.9)",
PLAYER_POSITIONS,51367,9/26/2024 3:35:23 PM,d5ae24f7-dfa6-4a87-8c0c-e6e66fb15b6d,2.0,,,,,,,,,,,,,,,,,,,,,,,,,,"(13.9, 0.7, -23.1)","(13.9, 1.4, -23.0)","(13.8, 0.7, -22.9)",
PLAYER_POSITIONS,51895,9/26/2024 3:35:23 PM,d5ae24f7-dfa6-4a87-8c0c-e6e66fb15b6d,2.0,,,,,,,,,,,,,,,,,,,,,,,,,,"(13.9, 0.7, -23.1)","(13.9, 1.4, -23.0)","(13.8, 0.7, -22.9)",
PLAYER_POSITIONS,51895,9/26/2024 3:35:23 PM,d5ae24f7-dfa6-4a87-8c0c-e6e66fb15b6d,2.0,,,,,,,,,,,,,,,,,,,,,,,,,,"(13.9, 0.7, -23.1)","(13.9, 1.4, -23.0)","(13.8, 0.7, -22.9)",
PLAYER_POSITIONS,52422,9/26/2024 3:35:24 PM,d5ae24f7-dfa6-4a87-8c0c-e6e66fb15b6d,2.0,,,,,,,,,,,,,,,,,,,,,,,,,,"(13.9, 0.7, -23.1)","(13.9, 1.4, -23.0)","(13.8, 0.7, -22.9)",
PLAYER_POSITIONS,52422,9/26/2024 3:35:24 PM,d5ae24f7-dfa6-4a87-8c0c-e6e66fb15b6d,2.0,,,,,,,,,,,,,,,,,,,,,,,,,,"(13.9, 0.7, -23.1)","(13.9, 1.4, -23.0)","(13.8, 0.7, -22.9)",
PLAYER_POSITIONS,52923,9/26/2024 3:35:24 PM,d5ae24f7-dfa6-4a87-8c0c-e6e66fb15b6d,2.0,,,,,,,,,,,,,,,,,,,,,,,,,,"(13.9, 0.7, -23.1)","(13.9, 1.4, -23.0)","(13.8, 0.7, -22.9)",
PLAYER_POSITIONS,52923,9/26/2024 3:35:24 PM,d5ae24f7-dfa6-4a87-8c0c-e6e66fb15b6d,2.0,,,,,,,,,,,,,,,,,,,,,,,,,,"(13.9, 0.7, -23.1)","(13.9, 1.4, -23.0)","(13.8, 0.7, -22.9)",
PLAYER_POSITIONS,53451,9/26/2024 3:35:25 PM,d5ae24f7-dfa6-4a87-8c0c-e6e66fb15b6d,2.0,,,,,,,,,,,,,,,,,,,,,,,,,,"(13.9, 0.7, -23.1)","(13.9, 1.4, -23.0)","(13.8, 0.7, -22.9)",
PLAYER_POSITIONS,53451,9/26/2024 3:35:25 PM,d5ae24f7-dfa6-4a87-8c0c-e6e66fb15b6d,2.0,,,,,,,,,,,,,,,,,,,,,,,,,,"(13.9, 0.7, -23.1)","(13.9, 1.4, -23.0)","(13.8, 0.7, -22.9)",
PLAYER_POSITIONS,53978,9/26/2024 3:35:25 PM,d5ae24f7-dfa6-4a87-8c0c-e6e66fb15b6d,2.0,,,,,,,,,,,,,,,,,,,,,,,,,,"(13.9, 0.7, -23.1)","(14.0, 1.4, -23.0)","(13.8, 0.7, -22.9)",
PLAYER_POSITIONS,53978,9/26/2024 3:35:25 PM,d5ae24f7-dfa6-4a87-8c0c-e6e66fb15b6d,2.0,,,,,,,,,,,,,,,,,,,,,,,,,,"(13.9, 0.7, -23.1)","(14.0, 1.4, -23.0)","(13.8, 0.7, -22.9)",
PLAYER_POSITIONS,54506,9/26/2024 3:35:26 PM,d5ae24f7-dfa6-4a87-8c0c-e6e66fb15b6d,2.0,,,,,,,,,,,,,,,,,,,,,,,,,,"(13.9, 0.7, -23.1)","(14.0, 1.4, -23.0)","(13.8, 0.7, -22.9)",
PLAYER_POSITIONS,54506,9/26/2024 3:35:26 PM,d5ae24f7-dfa6-4a87-8c0c-e6e66fb15b6d,2.0,,,,,,,,,,,,,,,,,,,,,,,,,,"(13.9, 0.7, -23.1)","(14.0, 1.4, -23.0)","(13.8, 0.7, -22.9)",
PLAYER_POSITIONS,55006,9/26/2024 3:35:26 PM,d5ae24f7-dfa6-4a87-8c0c-e6e66fb15b6d,2.0,,,,,,,,,,,,,,,,,,,,,,,,,,"(13.9, 0.7, -23.1)","(14.0, 1.4, -23.0)","(13.8, 0.7, -22.9)",
PLAYER_POSITIONS,55006,9/26/2024 3:35:26 PM,d5ae24f7-dfa6-4a87-8c0c-e6e66fb15b6d,2.0,,,,,,,,,,,,,,,,,,,,,,,,,,"(13.9, 0.7, -23.1)","(14.0, 1.4, -23.0)","(13.8, 0.7, -22.9)",
PLAYER_POSITIONS,55506,9/26/2024 3:35:27 PM,d5ae24f7-dfa6-4a87-8c0c-e6e66fb15b6d,2.0,,,,,,,,,,,,,,,,,,,,,,,,,,"(13.9, 0.7, -23.1)","(13.9, 1.4, -23.0)","(13.8, 0.7, -22.9)",
PLAYER_POSITIONS,55506,9/26/2024 3:35:27 PM,d5ae24f7-dfa6-4a87-8c0c-e6e66fb15b6d,2.0,,,,,,,,,,,,,,,,,,,,,,,,,,"(13.9, 0.7, -23.1)","(13.9, 1.4, -23.0)","(13.8, 0.7, -22.9)",
PLAYER_POSITIONS,56034,9/26/2024 3:35:27 PM,d5ae24f7-dfa6-4a87-8c0c-e6e66fb15b6d,2.0,,,,,,,,,,,,,,,,,,,,,,,,,,"(13.9, 0.7, -23.1)","(13.9, 1.4, -23.0)","(13.8, 0.7, -22.9)",
PLAYER_POSITIONS,56034,9/26/2024 3:35:27 PM,d5ae24f7-dfa6-4a87-8c0c-e6e66fb15b6d,2.0,,,,,,,,,,,,,,,,,,,,,,,,,,"(13.9, 0.7, -23.1)","(13.9, 1.4, -23.0)","(13.8, 0.7, -22.9)",
PLAYER_POSITIONS,56534,9/26/2024 3:35:28 PM,d5ae24f7-dfa6-4a87-8c0c-e6e66fb15b6d,2.0,,,,,,,,,,,,,,,,,,,,,,,,,,"(13.9, 0.7, -23.1)","(13.9, 1.4, -23.0)","(13.8, 0.7, -22.9)",
PLAYER_POSITIONS,56534,9/26/2024 3:35:28 PM,d5ae24f7-dfa6-4a87-8c0c-e6e66fb15b6d,2.0,,,,,,,,,,,,,,,,,,,,,,,,,,"(13.9, 0.7, -23.1)","(13.9, 1.4, -23.0)","(13.8, 0.7, -22.9)",
PLAYER_POSITIONS,57061,9/26/2024 3:35:28 PM,d5ae24f7-dfa6-4a87-8c0c-e6e66fb15b6d,2.0,,,,,,,,,,,,,,,,,,,,,,,,,,"(13.9, 0.7, -23.1)","(13.9, 1.4, -23.0)","(13.8, 0.7, -22.9)",
PLAYER_POSITIONS,57061,9/26/2024 3:35:28 PM,d5ae24f7-dfa6-4a87-8c0c-e6e66fb15b6d,2.0,,,,,,,,,,,,,,,,,,,,,,,,,,"(13.9, 0.7, -23.1)","(13.9, 1.4, -23.0)","(13.8, 0.7, -22.9)",
PLAYER_POSITIONS,57562,9/26/2024 3:35:29 PM,d5ae24f7-dfa6-4a87-8c0c-e6e66fb15b6d,2.0,,,,,,,,,,,,,,,,,,,,,,,,,,"(13.9, 0.7, -23.1)","(13.9, 1.4, -23.0)","(13.8, 0.7, -22.9)",
PLAYER_POSITIONS,57562,9/26/2024 3:35:29 PM,d5ae24f7-dfa6-4a87-8c0c-e6e66fb15b6d,2.0,,,,,,,,,,,,,,,,,,,,,,,,,,"(13.9, 0.7, -23.1)","(13.9, 1.4, -23.0)","(13.8, 0.7, -22.9)",
PLAYER_POSITIONS,58090,9/26/2024 3:35:29 PM,d5ae24f7-dfa6-4a87-8c0c-e6e66fb15b6d,2.0,,,,,,,,,,,,,,,,,,,,,,,,,,"(13.9, 0.7, -23.1)","(13.9, 1.4, -23.0)","(13.8, 0.7, -22.9)",
PLAYER_POSITIONS,58090,9/26/2024 3:35:29 PM,d5ae24f7-dfa6-4a87-8c0c-e6e66fb15b6d,2.0,,,,,,,,,,,,,,,,,,,,,,,,,,"(13.9, 0.7, -23.1)","(13.9, 1.4, -23.0)","(13.8, 0.7, -22.9)",
PLAYER_POSITIONS,58617,9/26/2024 3:35:30 PM,d5ae24f7-dfa6-4a87-8c0c-e6e66fb15b6d,2.0,,,,,,,,,,,,,,,,,,,,,,,,,,"(13.9, 0.7, -23.1)","(13.9, 1.4, -23.0)","(13.9, 0.7, -22.9)",
PLAYER_POSITIONS,58617,9/26/2024 3:35:30 PM,d5ae24f7-dfa6-4a87-8c0c-e6e66fb15b6d,2.0,,,,,,,,,,,,,,,,,,,,,,,,,,"(13.9, 0.7, -23.1)","(13.9, 1.4, -23.0)","(13.9, 0.7, -22.9)",
PLAYER_POSITIONS,59117,9/26/2024 3:35:31 PM,d5ae24f7-dfa6-4a87-8c0c-e6e66fb15b6d,2.0,,,,,,,,,,,,,,,,,,,,,,,,,,"(13.9, 0.7, -23.1)","(13.9, 1.4, -23.0)","(13.8, 0.7, -22.9)",
PLAYER_POSITIONS,59117,9/26/2024 3:35:31 PM,d5ae24f7-dfa6-4a87-8c0c-e6e66fb15b6d,2.0,,,,,,,,,,,,,,,,,,,,,,,,,,"(13.9, 0.7, -23.1)","(13.9, 1.4, -23.0)","(13.8, 0.7, -22.9)",
PLAYER_POSITIONS,59645,9/26/2024 3:35:31 PM,d5ae24f7-dfa6-4a87-8c0c-e6e66fb15b6d,2.0,,,,,,,,,,,,,,,,,,,,,,,,,,"(13.9, 0.7, -23.1)","(13.9, 1.4, -23.0)","(13.8, 0.7, -22.9)",
PLAYER_POSITIONS,59645,9/26/2024 3:35:31 PM,d5ae24f7-dfa6-4a87-8c0c-e6e66fb15b6d,2.0,,,,,,,,,,,,,,,,,,,,,,,,,,"(13.9, 0.7, -23.1)","(13.9, 1.4, -23.0)","(13.8, 0.7, -22.9)",
PLAYER_POSITIONS,60173,9/26/2024 3:35:32 PM,d5ae24f7-dfa6-4a87-8c0c-e6e66fb15b6d,2.0,,,,,,,,,,,,,,,,,,,,,,,,,,"(13.9, 0.7, -23.1)","(13.9, 1.4, -23.0)","(13.8, 0.7, -22.9)",
PLAYER_POSITIONS,60173,9/26/2024 3:35:32 PM,d5ae24f7-dfa6-4a87-8c0c-e6e66fb15b6d,2.0,,,,,,,,,,,,,,,,,,,,,,,,,,"(13.9, 0.7, -23.1)","(13.9, 1.4, -23.0)","(13.8, 0.7, -22.9)",
PLAYER_POSITIONS,60702,9/26/2024 3:35:32 PM,d5ae24f7-dfa6-4a87-8c0c-e6e66fb15b6d,2.0,,,,,,,,,,,,,,,,,,,,,,,,,,"(13.9, 0.7, -23.1)","(13.9, 1.4, -23.0)","(13.8, 0.7, -22.9)",
PLAYER_POSITIONS,60702,9/26/2024 3:35:32 PM,d5ae24f7-dfa6-4a87-8c0c-e6e66fb15b6d,2.0,,,,,,,,,,,,,,,,,,,,,,,,,,"(13.9, 0.7, -23.1)","(13.9, 1.4, -23.0)","(13.8, 0.7, -22.9)",
PLAYER_POSITIONS,61228,9/26/2024 3:35:33 PM,d5ae24f7-dfa6-4a87-8c0c-e6e66fb15b6d,2.0,,,,,,,,,,,,,,,,,,,,,,,,,,"(13.9, 0.7, -23.1)","(13.9, 1.4, -23.0)","(13.8, 0.7, -22.9)",
PLAYER_POSITIONS,61228,9/26/2024 3:35:33 PM,d5ae24f7-dfa6-4a87-8c0c-e6e66fb15b6d,2.0,,,,,,,,,,,,,,,,,,,,,,,,,,"(13.9, 0.7, -23.1)","(13.9, 1.4, -23.0)","(13.8, 0.7, -22.9)",
PLAYER_POSITIONS,61756,9/26/2024 3:35:33 PM,d5ae24f7-dfa6-4a87-8c0c-e6e66fb15b6d,2.0,,,,,,,,,,,,,,,,,,,,,,,,,,"(13.9, 0.7, -23.1)","(13.9, 1.4, -23.0)","(13.8, 0.7, -22.9)",
PLAYER_POSITIONS,61756,9/26/2024 3:35:33 PM,d5ae24f7-dfa6-4a87-8c0c-e6e66fb15b6d,2.0,,,,,,,,,,,,,,,,,,,,,,,,,,"(13.9, 0.7, -23.1)","(13.9, 1.4, -23.0)","(13.8, 0.7, -22.9)",
PLAYER_POSITIONS,62283,9/26/2024 3:35:34 PM,d5ae24f7-dfa6-4a87-8c0c-e6e66fb15b6d,2.0,,,,,,,,,,,,,,,,,,,,,,,,,,"(13.9, 0.7, -23.1)","(13.9, 1.4, -23.0)","(13.8, 0.7, -22.9)",
PLAYER_POSITIONS,62283,9/26/2024 3:35:34 PM,d5ae24f7-dfa6-4a87-8c0c-e6e66fb15b6d,2.0,,,,,,,,,,,,,,,,,,,,,,,,,,"(13.9, 0.7, -23.1)","(13.9, 1.4, -23.0)","(13.8, 0.7, -22.9)",
PLAYER_POSITIONS,62811,9/26/2024 3:35:34 PM,d5ae24f7-dfa6-4a87-8c0c-e6e66fb15b6d,2.0,,,,,,,,,,,,,,,,,,,,,,,,,,"(13.9, 0.7, -23.1)","(13.9, 1.4, -23.0)","(13.8, 0.7, -22.9)",
PLAYER_POSITIONS,62811,9/26/2024 3:35:34 PM,d5ae24f7-dfa6-4a87-8c0c-e6e66fb15b6d,2.0,,,,,,,,,,,,,,,,,,,,,,,,,,"(13.9, 0.7, -23.1)","(13.9, 1.4, -23.0)","(13.8, 0.7, -22.9)",
PLAYER_POSITIONS,63311,9/26/2024 3:35:35 PM,d5ae24f7-dfa6-4a87-8c0c-e6e66fb15b6d,2.0,,,,,,,,,,,,,,,,,,,,,,,,,,"(13.9, 0.7, -23.1)","(13.9, 1.4, -23.0)","(13.8, 0.7, -22.9)",
PLAYER_POSITIONS,63311,9/26/2024 3:35:35 PM,d5ae24f7-dfa6-4a87-8c0c-e6e66fb15b6d,2.0,,,,,,,,,,,,,,,,,,,,,,,,,,"(13.9, 0.7, -23.1)","(13.9, 1.4, -23.0)","(13.8, 0.7, -22.9)",
PLAYER_POSITIONS,63839,9/26/2024 3:35:35 PM,d5ae24f7-dfa6-4a87-8c0c-e6e66fb15b6d,2.0,,,,,,,,,,,,,,,,,,,,,,,,,,"(13.9, 0.7, -23.1)","(13.9, 1.4, -23.0)","(13.8, 0.7, -22.9)",
PLAYER_POSITIONS,63839,9/26/2024 3:35:35 PM,d5ae24f7-dfa6-4a87-8c0c-e6e66fb15b6d,2.0,,,,,,,,,,,,,,,,,,,,,,,,,,"(13.9, 0.7, -23.1)","(13.9, 1.4, -23.0)","(13.8, 0.7, -22.9)",
PLAYER_POSITIONS,64367,9/26/2024 3:35:36 PM,d5ae24f7-dfa6-4a87-8c0c-e6e66fb15b6d,2.0,,,,,,,,,,,,,,,,,,,,,,,,,,"(13.9, 0.7, -23.1)","(13.9, 1.4, -23.0)","(13.8, 0.7, -22.9)",
PLAYER_POSITIONS,64367,9/26/2024 3:35:36 PM,d5ae24f7-dfa6-4a87-8c0c-e6e66fb15b6d,2.0,,,,,,,,,,,,,,,,,,,,,,,,,,"(13.9, 0.7, -23.1)","(13.9, 1.4, -23.0)","(13.8, 0.7, -22.9)",
PLAYER_POSITIONS,64868,9/26/2024 3:35:36 PM,d5ae24f7-dfa6-4a87-8c0c-e6e66fb15b6d,2.0,,,,,,,,,,,,,,,,,,,,,,,,,,"(13.9, 0.7, -23.2)","(13.9, 1.4, -23.0)","(13.8, 0.7, -22.9)",
PLAYER_GAZE,64868,9/26/2024 3:35:36 PM,d5ae24f7-dfa6-4a87-8c0c-e6e66fb15b6d,2.0,,,,,,,,,,,,,,,casualty_o,,,,,,,,,"(3.0, 1.4, 0.8)",,,"(10.9, 0.0, -23.8)",
PLAYER_POSITIONS,64868,9/26/2024 3:35:36 PM,d5ae24f7-dfa6-4a87-8c0c-e6e66fb15b6d,2.0,,,,,,,,,,,,,,,,,,,,,,,,,,"(13.9, 0.7, -23.2)","(13.9, 1.4, -23.0)","(13.8, 0.7, -22.9)",
PLAYER_GAZE,64868,9/26/2024 3:35:36 PM,d5ae24f7-dfa6-4a87-8c0c-e6e66fb15b6d,2.0,,,,,,,,,,,,,,,casualty_o,,,,,,,,,"(3.0, 1.4, 0.8)",,,"(10.9, 0.0, -23.8)",
PLAYER_POSITIONS,65367,9/26/2024 3:35:37 PM,d5ae24f7-dfa6-4a87-8c0c-e6e66fb15b6d,2.0,,,,,,,,,,,,,,,,,,,,,,,,,,"(13.9, 0.7, -23.2)","(13.9, 1.4, -23.0)","(13.8, 0.7, -22.9)",
PLAYER_GAZE,65367,9/26/2024 3:35:37 PM,d5ae24f7-dfa6-4a87-8c0c-e6e66fb15b6d,2.0,,,,,,,,,,,,,,,casualty_o,,,,,,,,,"(3.0, 1.4, 0.8)",,,"(10.9, 0.0, -23.8)",
PLAYER_POSITIONS,65367,9/26/2024 3:35:37 PM,d5ae24f7-dfa6-4a87-8c0c-e6e66fb15b6d,2.0,,,,,,,,,,,,,,,,,,,,,,,,,,"(13.9, 0.7, -23.2)","(13.9, 1.4, -23.0)","(13.8, 0.7, -22.9)",
PLAYER_GAZE,65367,9/26/2024 3:35:37 PM,d5ae24f7-dfa6-4a87-8c0c-e6e66fb15b6d,2.0,,,,,,,,,,,,,,,casualty_o,,,,,,,,,"(3.0, 1.4, 0.8)",,,"(10.9, 0.0, -23.8)",
PLAYER_POSITIONS,65894,9/26/2024 3:35:37 PM,d5ae24f7-dfa6-4a87-8c0c-e6e66fb15b6d,2.0,,,,,,,,,,,,,,,,,,,,,,,,,,"(13.9, 0.7, -23.1)","(13.9, 1.4, -23.0)","(13.8, 0.7, -22.9)",
PLAYER_GAZE,65894,9/26/2024 3:35:37 PM,d5ae24f7-dfa6-4a87-8c0c-e6e66fb15b6d,2.0,,,,,,,,,,,,,,,casualty_o,,,,,,,,,"(3.0, 1.4, 0.8)",,,"(10.9, 0.0, -23.8)",
PLAYER_POSITIONS,65894,9/26/2024 3:35:37 PM,d5ae24f7-dfa6-4a87-8c0c-e6e66fb15b6d,2.0,,,,,,,,,,,,,,,,,,,,,,,,,,"(13.9, 0.7, -23.1)","(13.9, 1.4, -23.0)","(13.8, 0.7, -22.9)",
PLAYER_GAZE,65894,9/26/2024 3:35:37 PM,d5ae24f7-dfa6-4a87-8c0c-e6e66fb15b6d,2.0,,,,,,,,,,,,,,,casualty_o,,,,,,,,,"(3.0, 1.4, 0.8)",,,"(10.9, 0.0, -23.8)",
PLAYER_POSITIONS,66423,9/26/2024 3:35:38 PM,d5ae24f7-dfa6-4a87-8c0c-e6e66fb15b6d,2.0,,,,,,,,,,,,,,,,,,,,,,,,,,"(13.9, 0.7, -23.1)","(13.9, 1.4, -23.0)","(13.8, 0.7, -22.9)",
PLAYER_POSITIONS,66423,9/26/2024 3:35:38 PM,d5ae24f7-dfa6-4a87-8c0c-e6e66fb15b6d,2.0,,,,,,,,,,,,,,,,,,,,,,,,,,"(13.9, 0.7, -23.1)","(13.9, 1.4, -23.0)","(13.8, 0.7, -22.9)",
PLAYER_POSITIONS,66951,9/26/2024 3:35:38 PM,d5ae24f7-dfa6-4a87-8c0c-e6e66fb15b6d,2.0,,,,,,,,,,,,,,,,,,,,,,,,,,"(13.9, 0.7, -23.2)","(13.9, 1.4, -23.0)","(13.8, 0.7, -22.9)",
PLAYER_GAZE,66951,9/26/2024 3:35:38 PM,d5ae24f7-dfa6-4a87-8c0c-e6e66fb15b6d,2.0,,,,,,,,,,,,,,,casualty_o,,,,,,,,,"(3.0, 1.4, 0.8)",,,"(10.9, 0.0, -23.8)",
PLAYER_POSITIONS,66951,9/26/2024 3:35:38 PM,d5ae24f7-dfa6-4a87-8c0c-e6e66fb15b6d,2.0,,,,,,,,,,,,,,,,,,,,,,,,,,"(13.9, 0.7, -23.2)","(13.9, 1.4, -23.0)","(13.8, 0.7, -22.9)",
PLAYER_GAZE,66951,9/26/2024 3:35:38 PM,d5ae24f7-dfa6-4a87-8c0c-e6e66fb15b6d,2.0,,,,,,,,,,,,,,,casualty_o,,,,,,,,,"(3.0, 1.4, 0.8)",,,"(10.9, 0.0, -23.8)",
PLAYER_POSITIONS,67453,9/26/2024 3:35:39 PM,d5ae24f7-dfa6-4a87-8c0c-e6e66fb15b6d,2.0,,,,,,,,,,,,,,,,,,,,,,,,,,"(13.9, 0.7, -23.1)","(13.9, 1.4, -23.0)","(13.8, 0.7, -22.9)",
PLAYER_POSITIONS,67453,9/26/2024 3:35:39 PM,d5ae24f7-dfa6-4a87-8c0c-e6e66fb15b6d,2.0,,,,,,,,,,,,,,,,,,,,,,,,,,"(13.9, 0.7, -23.1)","(13.9, 1.4, -23.0)","(13.8, 0.7, -22.9)",
PLAYER_POSITIONS,67979,9/26/2024 3:35:39 PM,d5ae24f7-dfa6-4a87-8c0c-e6e66fb15b6d,2.0,,,,,,,,,,,,,,,,,,,,,,,,,,"(13.9, 0.7, -23.1)","(13.9, 1.4, -23.0)","(13.8, 0.7, -22.9)",
PLAYER_POSITIONS,67979,9/26/2024 3:35:39 PM,d5ae24f7-dfa6-4a87-8c0c-e6e66fb15b6d,2.0,,,,,,,,,,,,,,,,,,,,,,,,,,"(13.9, 0.7, -23.1)","(13.9, 1.4, -23.0)","(13.8, 0.7, -22.9)",
PLAYER_POSITIONS,68511,9/26/2024 3:35:40 PM,d5ae24f7-dfa6-4a87-8c0c-e6e66fb15b6d,2.0,,,,,,,,,,,,,,,,,,,,,,,,,,"(13.9, 0.7, -23.1)","(13.9, 1.4, -23.0)","(13.8, 0.7, -22.9)",
PLAYER_POSITIONS,68511,9/26/2024 3:35:40 PM,d5ae24f7-dfa6-4a87-8c0c-e6e66fb15b6d,2.0,,,,,,,,,,,,,,,,,,,,,,,,,,"(13.9, 0.7, -23.1)","(13.9, 1.4, -23.0)","(13.8, 0.7, -22.9)",
PLAYER_POSITIONS,69035,9/26/2024 3:35:40 PM,d5ae24f7-dfa6-4a87-8c0c-e6e66fb15b6d,2.0,,,,,,,,,,,,,,,,,,,,,,,,,,"(13.9, 0.7, -23.1)","(13.9, 1.4, -23.0)","(13.8, 0.7, -22.9)",
PLAYER_POSITIONS,69035,9/26/2024 3:35:40 PM,d5ae24f7-dfa6-4a87-8c0c-e6e66fb15b6d,2.0,,,,,,,,,,,,,,,,,,,,,,,,,,"(13.9, 0.7, -23.1)","(13.9, 1.4, -23.0)","(13.8, 0.7, -22.9)",
PLAYER_POSITIONS,69561,9/26/2024 3:35:41 PM,d5ae24f7-dfa6-4a87-8c0c-e6e66fb15b6d,2.0,,,,,,,,,,,,,,,,,,,,,,,,,,"(13.9, 0.7, -23.1)","(13.9, 1.4, -23.0)","(13.8, 0.7, -22.9)",
PLAYER_POSITIONS,69561,9/26/2024 3:35:41 PM,d5ae24f7-dfa6-4a87-8c0c-e6e66fb15b6d,2.0,,,,,,,,,,,,,,,,,,,,,,,,,,"(13.9, 0.7, -23.1)","(13.9, 1.4, -23.0)","(13.8, 0.7, -22.9)",
PLAYER_POSITIONS,70065,9/26/2024 3:35:41 PM,d5ae24f7-dfa6-4a87-8c0c-e6e66fb15b6d,2.0,,,,,,,,,,,,,,,,,,,,,,,,,,"(13.9, 0.7, -23.1)","(13.9, 1.4, -23.0)","(13.8, 0.7, -22.9)",
PLAYER_POSITIONS,70065,9/26/2024 3:35:41 PM,d5ae24f7-dfa6-4a87-8c0c-e6e66fb15b6d,2.0,,,,,,,,,,,,,,,,,,,,,,,,,,"(13.9, 0.7, -23.1)","(13.9, 1.4, -23.0)","(13.8, 0.7, -22.9)",
PLAYER_POSITIONS,70592,9/26/2024 3:35:42 PM,d5ae24f7-dfa6-4a87-8c0c-e6e66fb15b6d,2.0,,,,,,,,,,,,,,,,,,,,,,,,,,"(13.9, 0.7, -23.1)","(13.9, 1.4, -23.0)","(13.8, 0.7, -22.9)",
PLAYER_POSITIONS,70592,9/26/2024 3:35:42 PM,d5ae24f7-dfa6-4a87-8c0c-e6e66fb15b6d,2.0,,,,,,,,,,,,,,,,,,,,,,,,,,"(13.9, 0.7, -23.1)","(13.9, 1.4, -23.0)","(13.8, 0.7, -22.9)",
PLAYER_POSITIONS,71118,9/26/2024 3:35:43 PM,d5ae24f7-dfa6-4a87-8c0c-e6e66fb15b6d,2.0,,,,,,,,,,,,,,,,,,,,,,,,,,"(13.9, 0.7, -23.1)","(13.9, 1.4, -23.0)","(13.9, 0.7, -22.9)",
PLAYER_POSITIONS,71118,9/26/2024 3:35:43 PM,d5ae24f7-dfa6-4a87-8c0c-e6e66fb15b6d,2.0,,,,,,,,,,,,,,,,,,,,,,,,,,"(13.9, 0.7, -23.1)","(13.9, 1.4, -23.0)","(13.9, 0.7, -22.9)",
PLAYER_POSITIONS,71618,9/26/2024 3:35:43 PM,d5ae24f7-dfa6-4a87-8c0c-e6e66fb15b6d,2.0,,,,,,,,,,,,,,,,,,,,,,,,,,"(13.9, 0.7, -23.1)","(13.9, 1.4, -23.0)","(13.8, 0.7, -22.9)",
PLAYER_POSITIONS,71618,9/26/2024 3:35:43 PM,d5ae24f7-dfa6-4a87-8c0c-e6e66fb15b6d,2.0,,,,,,,,,,,,,,,,,,,,,,,,,,"(13.9, 0.7, -23.1)","(13.9, 1.4, -23.0)","(13.8, 0.7, -22.9)",
PLAYER_POSITIONS,72149,9/26/2024 3:35:44 PM,d5ae24f7-dfa6-4a87-8c0c-e6e66fb15b6d,2.0,,,,,,,,,,,,,,,,,,,,,,,,,,"(13.9, 0.7, -23.1)","(13.9, 1.4, -23.0)","(13.8, 0.7, -22.9)",
PLAYER_POSITIONS,72149,9/26/2024 3:35:44 PM,d5ae24f7-dfa6-4a87-8c0c-e6e66fb15b6d,2.0,,,,,,,,,,,,,,,,,,,,,,,,,,"(13.9, 0.7, -23.1)","(13.9, 1.4, -23.0)","(13.8, 0.7, -22.9)",
PLAYER_POSITIONS,72673,9/26/2024 3:35:44 PM,d5ae24f7-dfa6-4a87-8c0c-e6e66fb15b6d,2.0,,,,,,,,,,,,,,,,,,,,,,,,,,"(13.9, 0.7, -23.1)","(13.9, 1.4, -23.0)","(13.8, 0.7, -22.9)",
PLAYER_POSITIONS,72673,9/26/2024 3:35:44 PM,d5ae24f7-dfa6-4a87-8c0c-e6e66fb15b6d,2.0,,,,,,,,,,,,,,,,,,,,,,,,,,"(13.9, 0.7, -23.1)","(13.9, 1.4, -23.0)","(13.8, 0.7, -22.9)",
PLAYER_POSITIONS,73201,9/26/2024 3:35:45 PM,d5ae24f7-dfa6-4a87-8c0c-e6e66fb15b6d,2.0,,,,,,,,,,,,,,,,,,,,,,,,,,"(13.9, 0.7, -23.2)","(13.9, 1.4, -23.0)","(13.8, 0.7, -22.9)",
PLAYER_POSITIONS,73201,9/26/2024 3:35:45 PM,d5ae24f7-dfa6-4a87-8c0c-e6e66fb15b6d,2.0,,,,,,,,,,,,,,,,,,,,,,,,,,"(13.9, 0.7, -23.2)","(13.9, 1.4, -23.0)","(13.8, 0.7, -22.9)",
PLAYER_POSITIONS,73701,9/26/2024 3:35:45 PM,d5ae24f7-dfa6-4a87-8c0c-e6e66fb15b6d,2.0,,,,,,,,,,,,,,,,,,,,,,,,,,"(13.9, 0.7, -23.1)","(13.9, 1.4, -23.0)","(13.8, 0.7, -22.9)",
PLAYER_POSITIONS,73701,9/26/2024 3:35:45 PM,d5ae24f7-dfa6-4a87-8c0c-e6e66fb15b6d,2.0,,,,,,,,,,,,,,,,,,,,,,,,,,"(13.9, 0.7, -23.1)","(13.9, 1.4, -23.0)","(13.8, 0.7, -22.9)",
PLAYER_POSITIONS,74202,9/26/2024 3:35:46 PM,d5ae24f7-dfa6-4a87-8c0c-e6e66fb15b6d,2.0,,,,,,,,,,,,,,,,,,,,,,,,,,"(13.9, 0.7, -23.1)","(13.9, 1.4, -23.0)","(13.8, 0.7, -22.9)",
PLAYER_POSITIONS,74202,9/26/2024 3:35:46 PM,d5ae24f7-dfa6-4a87-8c0c-e6e66fb15b6d,2.0,,,,,,,,,,,,,,,,,,,,,,,,,,"(13.9, 0.7, -23.1)","(13.9, 1.4, -23.0)","(13.8, 0.7, -22.9)",
PLAYER_POSITIONS,74728,9/26/2024 3:35:46 PM,d5ae24f7-dfa6-4a87-8c0c-e6e66fb15b6d,2.0,,,,,,,,,,,,,,,,,,,,,,,,,,"(13.9, 0.7, -23.1)","(13.9, 1.4, -23.0)","(13.8, 0.7, -22.9)",
PLAYER_GAZE,74728,9/26/2024 3:35:46 PM,d5ae24f7-dfa6-4a87-8c0c-e6e66fb15b6d,2.0,,,,,,,,,,,,,,,casualty_o,,,,,,,,,"(3.0, 1.4, 0.8)",,,"(10.9, 0.0, -23.8)",
PLAYER_POSITIONS,74728,9/26/2024 3:35:46 PM,d5ae24f7-dfa6-4a87-8c0c-e6e66fb15b6d,2.0,,,,,,,,,,,,,,,,,,,,,,,,,,"(13.9, 0.7, -23.1)","(13.9, 1.4, -23.0)","(13.8, 0.7, -22.9)",
PLAYER_GAZE,74728,9/26/2024 3:35:46 PM,d5ae24f7-dfa6-4a87-8c0c-e6e66fb15b6d,2.0,,,,,,,,,,,,,,,casualty_o,,,,,,,,,"(3.0, 1.4, 0.8)",,,"(10.9, 0.0, -23.8)",
PLAYER_POSITIONS,75259,9/26/2024 3:35:47 PM,d5ae24f7-dfa6-4a87-8c0c-e6e66fb15b6d,2.0,,,,,,,,,,,,,,,,,,,,,,,,,,"(13.9, 0.7, -23.2)","(13.9, 1.4, -23.0)","(13.8, 0.7, -22.9)",
PLAYER_GAZE,75259,9/26/2024 3:35:47 PM,d5ae24f7-dfa6-4a87-8c0c-e6e66fb15b6d,2.0,,,,,,,,,,,,,,,casualty_o,,,,,,,,,"(3.0, 1.4, 0.8)",,,"(10.9, 0.0, -23.8)",
PLAYER_POSITIONS,75259,9/26/2024 3:35:47 PM,d5ae24f7-dfa6-4a87-8c0c-e6e66fb15b6d,2.0,,,,,,,,,,,,,,,,,,,,,,,,,,"(13.9, 0.7, -23.2)","(13.9, 1.4, -23.0)","(13.8, 0.7, -22.9)",
PLAYER_GAZE,75259,9/26/2024 3:35:47 PM,d5ae24f7-dfa6-4a87-8c0c-e6e66fb15b6d,2.0,,,,,,,,,,,,,,,casualty_o,,,,,,,,,"(3.0, 1.4, 0.8)",,,"(10.9, 0.0, -23.8)",
PLAYER_POSITIONS,75784,9/26/2024 3:35:47 PM,d5ae24f7-dfa6-4a87-8c0c-e6e66fb15b6d,2.0,,,,,,,,,,,,,,,,,,,,,,,,,,"(13.9, 0.7, -23.2)","(14.0, 1.4, -23.0)","(13.8, 0.7, -22.9)",
PLAYER_GAZE,75784,9/26/2024 3:35:47 PM,d5ae24f7-dfa6-4a87-8c0c-e6e66fb15b6d,2.0,,,,,,,,,,,,,,,casualty_o,,,,,,,,,"(3.0, 1.4, 0.8)",,,"(10.9, 0.0, -23.8)",
PLAYER_POSITIONS,75784,9/26/2024 3:35:47 PM,d5ae24f7-dfa6-4a87-8c0c-e6e66fb15b6d,2.0,,,,,,,,,,,,,,,,,,,,,,,,,,"(13.9, 0.7, -23.2)","(14.0, 1.4, -23.0)","(13.8, 0.7, -22.9)",
PLAYER_GAZE,75784,9/26/2024 3:35:47 PM,d5ae24f7-dfa6-4a87-8c0c-e6e66fb15b6d,2.0,,,,,,,,,,,,,,,casualty_o,,,,,,,,,"(3.0, 1.4, 0.8)",,,"(10.9, 0.0, -23.8)",
PLAYER_POSITIONS,76311,9/26/2024 3:35:48 PM,d5ae24f7-dfa6-4a87-8c0c-e6e66fb15b6d,2.0,,,,,,,,,,,,,,,,,,,,,,,,,,"(13.9, 0.7, -23.2)","(14.0, 1.4, -23.1)","(13.9, 0.7, -22.9)",
PLAYER_POSITIONS,76311,9/26/2024 3:35:48 PM,d5ae24f7-dfa6-4a87-8c0c-e6e66fb15b6d,2.0,,,,,,,,,,,,,,,,,,,,,,,,,,"(13.9, 0.7, -23.2)","(14.0, 1.4, -23.1)","(13.9, 0.7, -22.9)",
PLAYER_POSITIONS,76815,9/26/2024 3:35:48 PM,d5ae24f7-dfa6-4a87-8c0c-e6e66fb15b6d,2.0,,,,,,,,,,,,,,,,,,,,,,,,,,"(13.9, 0.7, -23.2)","(14.0, 1.4, -23.1)","(13.8, 0.7, -22.9)",
PLAYER_GAZE,76815,9/26/2024 3:35:48 PM,d5ae24f7-dfa6-4a87-8c0c-e6e66fb15b6d,2.0,,,,,,,,,,,,,,,casualty_o,,,,,,,,,"(3.0, 1.4, 0.7)",,,"(10.9, 0.0, -23.8)",
PLAYER_POSITIONS,76815,9/26/2024 3:35:48 PM,d5ae24f7-dfa6-4a87-8c0c-e6e66fb15b6d,2.0,,,,,,,,,,,,,,,,,,,,,,,,,,"(13.9, 0.7, -23.2)","(14.0, 1.4, -23.1)","(13.8, 0.7, -22.9)",
PLAYER_GAZE,76815,9/26/2024 3:35:48 PM,d5ae24f7-dfa6-4a87-8c0c-e6e66fb15b6d,2.0,,,,,,,,,,,,,,,casualty_o,,,,,,,,,"(3.0, 1.4, 0.7)",,,"(10.9, 0.0, -23.8)",
PLAYER_POSITIONS,77339,9/26/2024 3:35:49 PM,d5ae24f7-dfa6-4a87-8c0c-e6e66fb15b6d,2.0,,,,,,,,,,,,,,,,,,,,,,,,,,"(13.9, 0.7, -23.2)","(13.9, 1.4, -23.1)","(13.8, 0.7, -23.0)",
PLAYER_GAZE,77339,9/26/2024 3:35:49 PM,d5ae24f7-dfa6-4a87-8c0c-e6e66fb15b6d,2.0,,,,,,,,,,,,,,,casualty_o,,,,,,,,,"(3.0, 1.4, 0.7)",,,"(10.9, 0.0, -23.8)",
PLAYER_POSITIONS,77339,9/26/2024 3:35:49 PM,d5ae24f7-dfa6-4a87-8c0c-e6e66fb15b6d,2.0,,,,,,,,,,,,,,,,,,,,,,,,,,"(13.9, 0.7, -23.2)","(13.9, 1.4, -23.1)","(13.8, 0.7, -23.0)",
PLAYER_GAZE,77339,9/26/2024 3:35:49 PM,d5ae24f7-dfa6-4a87-8c0c-e6e66fb15b6d,2.0,,,,,,,,,,,,,,,casualty_o,,,,,,,,,"(3.0, 1.4, 0.7)",,,"(10.9, 0.0, -23.8)",
VOICE_CAPTURE,77561,9/26/2024 3:35:49 PM,d5ae24f7-dfa6-4a87-8c0c-e6e66fb15b6d,2.0,,,,,,,,,,,,,,,,,,,,,,,,,,,,,,,,,,,,,NA,Her patient 2,
PLAYER_POSITIONS,77873,9/26/2024 3:35:49 PM,d5ae24f7-dfa6-4a87-8c0c-e6e66fb15b6d,2.0,,,,,,,,,,,,,,,,,,,,,,,,,,"(13.9, 0.7, -23.2)","(13.9, 1.4, -23.0)","(13.9, 0.7, -22.9)",
PLAYER_GAZE,77873,9/26/2024 3:35:49 PM,d5ae24f7-dfa6-4a87-8c0c-e6e66fb15b6d,2.0,,,,,,,,,,,,,,,casualty_o,,,,,,,,,"(3.0, 1.4, 0.7)",,,"(10.9, 0.0, -23.8)",
PLAYER_POSITIONS,77873,9/26/2024 3:35:49 PM,d5ae24f7-dfa6-4a87-8c0c-e6e66fb15b6d,2.0,,,,,,,,,,,,,,,,,,,,,,,,,,"(13.9, 0.7, -23.2)","(13.9, 1.4, -23.0)","(13.9, 0.7, -22.9)",
PLAYER_GAZE,77873,9/26/2024 3:35:49 PM,d5ae24f7-dfa6-4a87-8c0c-e6e66fb15b6d,2.0,,,,,,,,,,,,,,,casualty_o,,,,,,,,,"(3.0, 1.4, 0.7)",,,"(10.9, 0.0, -23.8)",
PLAYER_POSITIONS,78395,9/26/2024 3:35:50 PM,d5ae24f7-dfa6-4a87-8c0c-e6e66fb15b6d,2.0,,,,,,,,,,,,,,,,,,,,,,,,,,"(13.9, 0.7, -23.2)","(13.9, 1.4, -23.0)","(13.9, 0.7, -22.9)",
PLAYER_POSITIONS,78395,9/26/2024 3:35:50 PM,d5ae24f7-dfa6-4a87-8c0c-e6e66fb15b6d,2.0,,,,,,,,,,,,,,,,,,,,,,,,,,"(13.9, 0.7, -23.2)","(13.9, 1.4, -23.0)","(13.9, 0.7, -22.9)",
PLAYER_POSITIONS,78896,9/26/2024 3:35:50 PM,d5ae24f7-dfa6-4a87-8c0c-e6e66fb15b6d,2.0,,,,,,,,,,,,,,,,,,,,,,,,,,"(13.9, 0.7, -23.2)","(13.9, 1.4, -23.0)","(13.9, 0.7, -22.9)",
PLAYER_POSITIONS,78896,9/26/2024 3:35:50 PM,d5ae24f7-dfa6-4a87-8c0c-e6e66fb15b6d,2.0,,,,,,,,,,,,,,,,,,,,,,,,,,"(13.9, 0.7, -23.2)","(13.9, 1.4, -23.0)","(13.9, 0.7, -22.9)",
PLAYER_POSITIONS,79424,9/26/2024 3:35:51 PM,d5ae24f7-dfa6-4a87-8c0c-e6e66fb15b6d,2.0,,,,,,,,,,,,,,,,,,,,,,,,,,"(13.9, 0.7, -23.1)","(13.9, 1.4, -23.0)","(13.8, 0.7, -22.9)",
PLAYER_POSITIONS,79424,9/26/2024 3:35:51 PM,d5ae24f7-dfa6-4a87-8c0c-e6e66fb15b6d,2.0,,,,,,,,,,,,,,,,,,,,,,,,,,"(13.9, 0.7, -23.1)","(13.9, 1.4, -23.0)","(13.8, 0.7, -22.9)",
PLAYER_POSITIONS,79924,9/26/2024 3:35:51 PM,d5ae24f7-dfa6-4a87-8c0c-e6e66fb15b6d,2.0,,,,,,,,,,,,,,,,,,,,,,,,,,"(13.9, 0.7, -23.1)","(13.9, 1.4, -23.0)","(13.8, 0.7, -22.9)",
PLAYER_POSITIONS,79924,9/26/2024 3:35:51 PM,d5ae24f7-dfa6-4a87-8c0c-e6e66fb15b6d,2.0,,,,,,,,,,,,,,,,,,,,,,,,,,"(13.9, 0.7, -23.1)","(13.9, 1.4, -23.0)","(13.8, 0.7, -22.9)",
PLAYER_POSITIONS,80425,9/26/2024 3:35:52 PM,d5ae24f7-dfa6-4a87-8c0c-e6e66fb15b6d,2.0,,,,,,,,,,,,,,,,,,,,,,,,,,"(13.9, 0.7, -23.1)","(13.9, 1.4, -23.0)","(13.8, 0.7, -22.9)",
PLAYER_POSITIONS,80425,9/26/2024 3:35:52 PM,d5ae24f7-dfa6-4a87-8c0c-e6e66fb15b6d,2.0,,,,,,,,,,,,,,,,,,,,,,,,,,"(13.9, 0.7, -23.1)","(13.9, 1.4, -23.0)","(13.8, 0.7, -22.9)",
PLAYER_POSITIONS,80950,9/26/2024 3:35:52 PM,d5ae24f7-dfa6-4a87-8c0c-e6e66fb15b6d,2.0,,,,,,,,,,,,,,,,,,,,,,,,,,"(13.9, 0.7, -23.1)","(13.9, 1.4, -23.0)","(13.8, 0.7, -22.9)",
PLAYER_POSITIONS,80950,9/26/2024 3:35:52 PM,d5ae24f7-dfa6-4a87-8c0c-e6e66fb15b6d,2.0,,,,,,,,,,,,,,,,,,,,,,,,,,"(13.9, 0.7, -23.1)","(13.9, 1.4, -23.0)","(13.8, 0.7, -22.9)",
PLAYER_POSITIONS,81450,9/26/2024 3:35:53 PM,d5ae24f7-dfa6-4a87-8c0c-e6e66fb15b6d,2.0,,,,,,,,,,,,,,,,,,,,,,,,,,"(13.9, 0.7, -23.1)","(13.9, 1.4, -23.0)","(13.8, 0.7, -22.9)",
PLAYER_POSITIONS,81450,9/26/2024 3:35:53 PM,d5ae24f7-dfa6-4a87-8c0c-e6e66fb15b6d,2.0,,,,,,,,,,,,,,,,,,,,,,,,,,"(13.9, 0.7, -23.1)","(13.9, 1.4, -23.0)","(13.8, 0.7, -22.9)",
PLAYER_POSITIONS,81951,9/26/2024 3:35:53 PM,d5ae24f7-dfa6-4a87-8c0c-e6e66fb15b6d,2.0,,,,,,,,,,,,,,,,,,,,,,,,,,"(13.9, 0.7, -23.1)","(14.0, 1.4, -23.0)","(13.8, 0.7, -22.9)",
PLAYER_POSITIONS,81951,9/26/2024 3:35:53 PM,d5ae24f7-dfa6-4a87-8c0c-e6e66fb15b6d,2.0,,,,,,,,,,,,,,,,,,,,,,,,,,"(13.9, 0.7, -23.1)","(14.0, 1.4, -23.0)","(13.8, 0.7, -22.9)",
PLAYER_POSITIONS,82480,9/26/2024 3:35:54 PM,d5ae24f7-dfa6-4a87-8c0c-e6e66fb15b6d,2.0,,,,,,,,,,,,,,,,,,,,,,,,,,"(13.9, 0.7, -23.1)","(13.9, 1.4, -23.0)","(13.8, 0.7, -22.9)",
PLAYER_POSITIONS,82480,9/26/2024 3:35:54 PM,d5ae24f7-dfa6-4a87-8c0c-e6e66fb15b6d,2.0,,,,,,,,,,,,,,,,,,,,,,,,,,"(13.9, 0.7, -23.1)","(13.9, 1.4, -23.0)","(13.8, 0.7, -22.9)",
PLAYER_POSITIONS,82981,9/26/2024 3:35:54 PM,d5ae24f7-dfa6-4a87-8c0c-e6e66fb15b6d,2.0,,,,,,,,,,,,,,,,,,,,,,,,,,"(13.9, 0.7, -23.1)","(13.9, 1.4, -23.0)","(13.8, 0.7, -22.9)",
PLAYER_GAZE,82981,9/26/2024 3:35:54 PM,d5ae24f7-dfa6-4a87-8c0c-e6e66fb15b6d,2.0,,,,,,,,,,,,,,,casualty_o,,,,,,,,,"(3.0, 1.4, 0.8)",,,"(10.9, 0.0, -23.8)",
PLAYER_POSITIONS,82981,9/26/2024 3:35:54 PM,d5ae24f7-dfa6-4a87-8c0c-e6e66fb15b6d,2.0,,,,,,,,,,,,,,,,,,,,,,,,,,"(13.9, 0.7, -23.1)","(13.9, 1.4, -23.0)","(13.8, 0.7, -22.9)",
PLAYER_GAZE,82981,9/26/2024 3:35:54 PM,d5ae24f7-dfa6-4a87-8c0c-e6e66fb15b6d,2.0,,,,,,,,,,,,,,,casualty_o,,,,,,,,,"(3.0, 1.4, 0.8)",,,"(10.9, 0.0, -23.8)",
PLAYER_POSITIONS,83482,9/26/2024 3:35:55 PM,d5ae24f7-dfa6-4a87-8c0c-e6e66fb15b6d,2.0,,,,,,,,,,,,,,,,,,,,,,,,,,"(13.9, 0.7, -23.2)","(13.9, 1.4, -23.0)","(13.8, 0.7, -22.9)",
PLAYER_GAZE,83482,9/26/2024 3:35:55 PM,d5ae24f7-dfa6-4a87-8c0c-e6e66fb15b6d,2.0,,,,,,,,,,,,,,,casualty_o,,,,,,,,,"(3.0, 1.4, 0.8)",,,"(10.9, 0.0, -23.8)",
PLAYER_POSITIONS,83482,9/26/2024 3:35:55 PM,d5ae24f7-dfa6-4a87-8c0c-e6e66fb15b6d,2.0,,,,,,,,,,,,,,,,,,,,,,,,,,"(13.9, 0.7, -23.2)","(13.9, 1.4, -23.0)","(13.8, 0.7, -22.9)",
PLAYER_GAZE,83482,9/26/2024 3:35:55 PM,d5ae24f7-dfa6-4a87-8c0c-e6e66fb15b6d,2.0,,,,,,,,,,,,,,,casualty_o,,,,,,,,,"(3.0, 1.4, 0.8)",,,"(10.9, 0.0, -23.8)",
PLAYER_POSITIONS,84009,9/26/2024 3:35:55 PM,d5ae24f7-dfa6-4a87-8c0c-e6e66fb15b6d,2.0,,,,,,,,,,,,,,,,,,,,,,,,,,"(13.8, 0.7, -23.2)","(13.9, 1.4, -23.0)","(13.7, 0.7, -22.9)",
PLAYER_GAZE,84009,9/26/2024 3:35:55 PM,d5ae24f7-dfa6-4a87-8c0c-e6e66fb15b6d,2.0,,,,,,,,,,,,,,,casualty_o,,,,,,,,,"(3.0, 1.4, 0.8)",,,"(10.9, 0.0, -23.8)",
PLAYER_POSITIONS,84009,9/26/2024 3:35:55 PM,d5ae24f7-dfa6-4a87-8c0c-e6e66fb15b6d,2.0,,,,,,,,,,,,,,,,,,,,,,,,,,"(13.8, 0.7, -23.2)","(13.9, 1.4, -23.0)","(13.7, 0.7, -22.9)",
PLAYER_GAZE,84009,9/26/2024 3:35:55 PM,d5ae24f7-dfa6-4a87-8c0c-e6e66fb15b6d,2.0,,,,,,,,,,,,,,,casualty_o,,,,,,,,,"(3.0, 1.4, 0.8)",,,"(10.9, 0.0, -23.8)",
PLAYER_POSITIONS,84537,9/26/2024 3:35:56 PM,d5ae24f7-dfa6-4a87-8c0c-e6e66fb15b6d,2.0,,,,,,,,,,,,,,,,,,,,,,,,,,"(13.8, 0.7, -23.2)","(13.9, 1.4, -23.0)","(13.7, 0.7, -22.9)",
PLAYER_POSITIONS,84537,9/26/2024 3:35:56 PM,d5ae24f7-dfa6-4a87-8c0c-e6e66fb15b6d,2.0,,,,,,,,,,,,,,,,,,,,,,,,,,"(13.8, 0.7, -23.2)","(13.9, 1.4, -23.0)","(13.7, 0.7, -22.9)",
PLAYER_POSITIONS,85062,9/26/2024 3:35:56 PM,d5ae24f7-dfa6-4a87-8c0c-e6e66fb15b6d,2.0,,,,,,,,,,,,,,,,,,,,,,,,,,"(13.9, 0.7, -23.1)","(13.9, 1.4, -23.0)","(13.8, 0.6, -22.9)",
PLAYER_POSITIONS,85062,9/26/2024 3:35:56 PM,d5ae24f7-dfa6-4a87-8c0c-e6e66fb15b6d,2.0,,,,,,,,,,,,,,,,,,,,,,,,,,"(13.9, 0.7, -23.1)","(13.9, 1.4, -23.0)","(13.8, 0.6, -22.9)",
PLAYER_POSITIONS,85589,9/26/2024 3:35:57 PM,d5ae24f7-dfa6-4a87-8c0c-e6e66fb15b6d,2.0,,,,,,,,,,,,,,,,,,,,,,,,,,"(13.9, 0.7, -23.1)","(13.9, 1.4, -23.0)","(13.8, 0.6, -22.8)",
PLAYER_POSITIONS,85589,9/26/2024 3:35:57 PM,d5ae24f7-dfa6-4a87-8c0c-e6e66fb15b6d,2.0,,,,,,,,,,,,,,,,,,,,,,,,,,"(13.9, 0.7, -23.1)","(13.9, 1.4, -23.0)","(13.8, 0.6, -22.8)",
PLAYER_POSITIONS,86117,9/26/2024 3:35:58 PM,d5ae24f7-dfa6-4a87-8c0c-e6e66fb15b6d,2.0,,,,,,,,,,,,,,,,,,,,,,,,,,"(13.9, 0.7, -23.1)","(14.0, 1.4, -23.0)","(13.8, 0.7, -22.9)",
PLAYER_POSITIONS,86117,9/26/2024 3:35:58 PM,d5ae24f7-dfa6-4a87-8c0c-e6e66fb15b6d,2.0,,,,,,,,,,,,,,,,,,,,,,,,,,"(13.9, 0.7, -23.1)","(14.0, 1.4, -23.0)","(13.8, 0.7, -22.9)",
PLAYER_POSITIONS,86618,9/26/2024 3:35:58 PM,d5ae24f7-dfa6-4a87-8c0c-e6e66fb15b6d,2.0,,,,,,,,,,,,,,,,,,,,,,,,,,"(13.9, 0.7, -23.1)","(13.9, 1.4, -23.0)","(13.8, 0.7, -22.9)",
PLAYER_POSITIONS,86618,9/26/2024 3:35:58 PM,d5ae24f7-dfa6-4a87-8c0c-e6e66fb15b6d,2.0,,,,,,,,,,,,,,,,,,,,,,,,,,"(13.9, 0.7, -23.1)","(13.9, 1.4, -23.0)","(13.8, 0.7, -22.9)",
PLAYER_POSITIONS,87121,9/26/2024 3:35:59 PM,d5ae24f7-dfa6-4a87-8c0c-e6e66fb15b6d,2.0,,,,,,,,,,,,,,,,,,,,,,,,,,"(13.9, 0.7, -23.1)","(13.9, 1.4, -22.9)","(13.8, 0.7, -22.9)",
PLAYER_POSITIONS,87121,9/26/2024 3:35:59 PM,d5ae24f7-dfa6-4a87-8c0c-e6e66fb15b6d,2.0,,,,,,,,,,,,,,,,,,,,,,,,,,"(13.9, 0.7, -23.1)","(13.9, 1.4, -22.9)","(13.8, 0.7, -22.9)",
PLAYER_POSITIONS,87623,9/26/2024 3:35:59 PM,d5ae24f7-dfa6-4a87-8c0c-e6e66fb15b6d,2.0,,,,,,,,,,,,,,,,,,,,,,,,,,"(13.9, 0.7, -23.1)","(13.9, 1.4, -22.9)","(13.8, 0.7, -22.9)",
PLAYER_GAZE,87623,9/26/2024 3:35:59 PM,d5ae24f7-dfa6-4a87-8c0c-e6e66fb15b6d,2.0,,,,,,,,,,,,,,,casualty_n,,,,,,,,,"(2.9, 1.4, -1.1)",,,"(11.0, 0.0, -21.8)",
PLAYER_POSITIONS,87623,9/26/2024 3:35:59 PM,d5ae24f7-dfa6-4a87-8c0c-e6e66fb15b6d,2.0,,,,,,,,,,,,,,,,,,,,,,,,,,"(13.9, 0.7, -23.1)","(13.9, 1.4, -22.9)","(13.8, 0.7, -22.9)",
PLAYER_GAZE,87623,9/26/2024 3:35:59 PM,d5ae24f7-dfa6-4a87-8c0c-e6e66fb15b6d,2.0,,,,,,,,,,,,,,,casualty_n,,,,,,,,,"(2.9, 1.4, -1.1)",,,"(11.0, 0.0, -21.8)",
VOICE_CAPTURE,87703,9/26/2024 3:35:59 PM,d5ae24f7-dfa6-4a87-8c0c-e6e66fb15b6d,2.0,,,,,,,,,,,,,,,,,,,,,,,,,,,,,,,,,,,,,NA,not here it's not here like the cityscape but I don't see him,
PLAYER_POSITIONS,88150,9/26/2024 3:36:00 PM,d5ae24f7-dfa6-4a87-8c0c-e6e66fb15b6d,2.0,,,,,,,,,,,,,,,,,,,,,,,,,,"(13.9, 0.7, -23.1)","(13.9, 1.4, -23.0)","(13.8, 0.7, -22.9)",
PLAYER_POSITIONS,88150,9/26/2024 3:36:00 PM,d5ae24f7-dfa6-4a87-8c0c-e6e66fb15b6d,2.0,,,,,,,,,,,,,,,,,,,,,,,,,,"(13.9, 0.7, -23.1)","(13.9, 1.4, -23.0)","(13.8, 0.7, -22.9)",
PLAYER_POSITIONS,88652,9/26/2024 3:36:00 PM,d5ae24f7-dfa6-4a87-8c0c-e6e66fb15b6d,2.0,,,,,,,,,,,,,,,,,,,,,,,,,,"(13.9, 0.7, -23.2)","(13.9, 1.4, -23.0)","(13.8, 0.7, -22.9)",
PLAYER_POSITIONS,88652,9/26/2024 3:36:00 PM,d5ae24f7-dfa6-4a87-8c0c-e6e66fb15b6d,2.0,,,,,,,,,,,,,,,,,,,,,,,,,,"(13.9, 0.7, -23.2)","(13.9, 1.4, -23.0)","(13.8, 0.7, -22.9)",
PLAYER_POSITIONS,89155,9/26/2024 3:36:01 PM,d5ae24f7-dfa6-4a87-8c0c-e6e66fb15b6d,2.0,,,,,,,,,,,,,,,,,,,,,,,,,,"(13.9, 0.7, -23.2)","(13.9, 1.4, -23.0)","(13.8, 0.7, -22.9)",
PLAYER_POSITIONS,89155,9/26/2024 3:36:01 PM,d5ae24f7-dfa6-4a87-8c0c-e6e66fb15b6d,2.0,,,,,,,,,,,,,,,,,,,,,,,,,,"(13.9, 0.7, -23.2)","(13.9, 1.4, -23.0)","(13.8, 0.7, -22.9)",
PLAYER_POSITIONS,89680,9/26/2024 3:36:01 PM,d5ae24f7-dfa6-4a87-8c0c-e6e66fb15b6d,2.0,,,,,,,,,,,,,,,,,,,,,,,,,,"(13.9, 0.7, -23.2)","(13.9, 1.4, -23.0)","(13.8, 0.7, -22.9)",
PLAYER_POSITIONS,89680,9/26/2024 3:36:01 PM,d5ae24f7-dfa6-4a87-8c0c-e6e66fb15b6d,2.0,,,,,,,,,,,,,,,,,,,,,,,,,,"(13.9, 0.7, -23.2)","(13.9, 1.4, -23.0)","(13.8, 0.7, -22.9)",
PLAYER_POSITIONS,90207,9/26/2024 3:36:02 PM,d5ae24f7-dfa6-4a87-8c0c-e6e66fb15b6d,2.0,,,,,,,,,,,,,,,,,,,,,,,,,,"(13.9, 0.7, -23.2)","(13.9, 1.4, -23.0)","(13.8, 0.7, -22.9)",
PLAYER_POSITIONS,90207,9/26/2024 3:36:02 PM,d5ae24f7-dfa6-4a87-8c0c-e6e66fb15b6d,2.0,,,,,,,,,,,,,,,,,,,,,,,,,,"(13.9, 0.7, -23.2)","(13.9, 1.4, -23.0)","(13.8, 0.7, -22.9)",
PLAYER_POSITIONS,90707,9/26/2024 3:36:02 PM,d5ae24f7-dfa6-4a87-8c0c-e6e66fb15b6d,2.0,,,,,,,,,,,,,,,,,,,,,,,,,,"(13.9, 0.7, -23.2)","(13.9, 1.4, -23.0)","(13.8, 0.7, -22.9)",
PLAYER_POSITIONS,90707,9/26/2024 3:36:02 PM,d5ae24f7-dfa6-4a87-8c0c-e6e66fb15b6d,2.0,,,,,,,,,,,,,,,,,,,,,,,,,,"(13.9, 0.7, -23.2)","(13.9, 1.4, -23.0)","(13.8, 0.7, -22.9)",
PLAYER_POSITIONS,91207,9/26/2024 3:36:03 PM,d5ae24f7-dfa6-4a87-8c0c-e6e66fb15b6d,2.0,,,,,,,,,,,,,,,,,,,,,,,,,,"(13.9, 0.7, -23.2)","(14.0, 1.4, -23.0)","(13.8, 0.7, -22.9)",
PLAYER_POSITIONS,91207,9/26/2024 3:36:03 PM,d5ae24f7-dfa6-4a87-8c0c-e6e66fb15b6d,2.0,,,,,,,,,,,,,,,,,,,,,,,,,,"(13.9, 0.7, -23.2)","(14.0, 1.4, -23.0)","(13.8, 0.7, -22.9)",
PLAYER_POSITIONS,91708,9/26/2024 3:36:03 PM,d5ae24f7-dfa6-4a87-8c0c-e6e66fb15b6d,2.0,,,,,,,,,,,,,,,,,,,,,,,,,,"(13.9, 0.7, -23.2)","(14.0, 1.4, -23.0)","(13.9, 0.7, -22.9)",
PLAYER_POSITIONS,91708,9/26/2024 3:36:03 PM,d5ae24f7-dfa6-4a87-8c0c-e6e66fb15b6d,2.0,,,,,,,,,,,,,,,,,,,,,,,,,,"(13.9, 0.7, -23.2)","(14.0, 1.4, -23.0)","(13.9, 0.7, -22.9)",
PLAYER_POSITIONS,92235,9/26/2024 3:36:04 PM,d5ae24f7-dfa6-4a87-8c0c-e6e66fb15b6d,2.0,,,,,,,,,,,,,,,,,,,,,,,,,,"(13.9, 0.7, -23.2)","(14.0, 1.4, -23.0)","(13.8, 0.7, -22.9)",
PLAYER_POSITIONS,92235,9/26/2024 3:36:04 PM,d5ae24f7-dfa6-4a87-8c0c-e6e66fb15b6d,2.0,,,,,,,,,,,,,,,,,,,,,,,,,,"(13.9, 0.7, -23.2)","(14.0, 1.4, -23.0)","(13.8, 0.7, -22.9)",
PLAYER_POSITIONS,92736,9/26/2024 3:36:04 PM,d5ae24f7-dfa6-4a87-8c0c-e6e66fb15b6d,2.0,,,,,,,,,,,,,,,,,,,,,,,,,,"(13.9, 0.7, -23.2)","(13.9, 1.4, -23.0)","(13.8, 0.7, -22.9)",
PLAYER_POSITIONS,92736,9/26/2024 3:36:04 PM,d5ae24f7-dfa6-4a87-8c0c-e6e66fb15b6d,2.0,,,,,,,,,,,,,,,,,,,,,,,,,,"(13.9, 0.7, -23.2)","(13.9, 1.4, -23.0)","(13.8, 0.7, -22.9)",
PLAYER_POSITIONS,93262,9/26/2024 3:36:05 PM,d5ae24f7-dfa6-4a87-8c0c-e6e66fb15b6d,2.0,,,,,,,,,,,,,,,,,,,,,,,,,,"(13.9, 0.7, -23.2)","(14.0, 1.4, -23.0)","(13.9, 0.7, -22.9)",
PLAYER_POSITIONS,93262,9/26/2024 3:36:05 PM,d5ae24f7-dfa6-4a87-8c0c-e6e66fb15b6d,2.0,,,,,,,,,,,,,,,,,,,,,,,,,,"(13.9, 0.7, -23.2)","(14.0, 1.4, -23.0)","(13.9, 0.7, -22.9)",
PLAYER_POSITIONS,93763,9/26/2024 3:36:05 PM,d5ae24f7-dfa6-4a87-8c0c-e6e66fb15b6d,2.0,,,,,,,,,,,,,,,,,,,,,,,,,,"(13.9, 0.7, -23.2)","(14.0, 1.4, -23.0)","(13.9, 0.7, -22.9)",
PLAYER_POSITIONS,93763,9/26/2024 3:36:05 PM,d5ae24f7-dfa6-4a87-8c0c-e6e66fb15b6d,2.0,,,,,,,,,,,,,,,,,,,,,,,,,,"(13.9, 0.7, -23.2)","(14.0, 1.4, -23.0)","(13.9, 0.7, -22.9)",
PLAYER_POSITIONS,94291,9/26/2024 3:36:06 PM,d5ae24f7-dfa6-4a87-8c0c-e6e66fb15b6d,2.0,,,,,,,,,,,,,,,,,,,,,,,,,,"(13.9, 0.7, -23.2)","(14.0, 1.4, -23.0)","(13.9, 0.7, -22.9)",
PLAYER_POSITIONS,94291,9/26/2024 3:36:06 PM,d5ae24f7-dfa6-4a87-8c0c-e6e66fb15b6d,2.0,,,,,,,,,,,,,,,,,,,,,,,,,,"(13.9, 0.7, -23.2)","(14.0, 1.4, -23.0)","(13.9, 0.7, -22.9)",
PLAYER_POSITIONS,94818,9/26/2024 3:36:06 PM,d5ae24f7-dfa6-4a87-8c0c-e6e66fb15b6d,2.0,,,,,,,,,,,,,,,,,,,,,,,,,,"(13.9, 0.7, -23.2)","(13.9, 1.4, -23.0)","(13.9, 0.7, -22.9)",
PLAYER_POSITIONS,94818,9/26/2024 3:36:06 PM,d5ae24f7-dfa6-4a87-8c0c-e6e66fb15b6d,2.0,,,,,,,,,,,,,,,,,,,,,,,,,,"(13.9, 0.7, -23.2)","(13.9, 1.4, -23.0)","(13.9, 0.7, -22.9)",
PLAYER_POSITIONS,95318,9/26/2024 3:36:07 PM,d5ae24f7-dfa6-4a87-8c0c-e6e66fb15b6d,2.0,,,,,,,,,,,,,,,,,,,,,,,,,,"(13.9, 0.7, -23.2)","(14.0, 1.4, -23.0)","(13.9, 0.7, -22.9)",
PLAYER_POSITIONS,95318,9/26/2024 3:36:07 PM,d5ae24f7-dfa6-4a87-8c0c-e6e66fb15b6d,2.0,,,,,,,,,,,,,,,,,,,,,,,,,,"(13.9, 0.7, -23.2)","(14.0, 1.4, -23.0)","(13.9, 0.7, -22.9)",
PLAYER_POSITIONS,95846,9/26/2024 3:36:07 PM,d5ae24f7-dfa6-4a87-8c0c-e6e66fb15b6d,2.0,,,,,,,,,,,,,,,,,,,,,,,,,,"(13.9, 0.7, -23.1)","(14.0, 1.4, -23.0)","(13.9, 0.7, -22.9)",
PLAYER_POSITIONS,95846,9/26/2024 3:36:07 PM,d5ae24f7-dfa6-4a87-8c0c-e6e66fb15b6d,2.0,,,,,,,,,,,,,,,,,,,,,,,,,,"(13.9, 0.7, -23.1)","(14.0, 1.4, -23.0)","(13.9, 0.7, -22.9)",
PLAYER_POSITIONS,96347,9/26/2024 3:36:08 PM,d5ae24f7-dfa6-4a87-8c0c-e6e66fb15b6d,2.0,,,,,,,,,,,,,,,,,,,,,,,,,,"(13.9, 0.7, -23.1)","(13.9, 1.4, -23.0)","(13.9, 0.7, -22.9)",
PLAYER_POSITIONS,96347,9/26/2024 3:36:08 PM,d5ae24f7-dfa6-4a87-8c0c-e6e66fb15b6d,2.0,,,,,,,,,,,,,,,,,,,,,,,,,,"(13.9, 0.7, -23.1)","(13.9, 1.4, -23.0)","(13.9, 0.7, -22.9)",
PLAYER_POSITIONS,96874,9/26/2024 3:36:08 PM,d5ae24f7-dfa6-4a87-8c0c-e6e66fb15b6d,2.0,,,,,,,,,,,,,,,,,,,,,,,,,,"(13.9, 0.7, -23.1)","(13.9, 1.4, -23.0)","(13.8, 0.7, -22.9)",
PLAYER_POSITIONS,96874,9/26/2024 3:36:08 PM,d5ae24f7-dfa6-4a87-8c0c-e6e66fb15b6d,2.0,,,,,,,,,,,,,,,,,,,,,,,,,,"(13.9, 0.7, -23.1)","(13.9, 1.4, -23.0)","(13.8, 0.7, -22.9)",
PLAYER_POSITIONS,97374,9/26/2024 3:36:09 PM,d5ae24f7-dfa6-4a87-8c0c-e6e66fb15b6d,2.0,,,,,,,,,,,,,,,,,,,,,,,,,,"(13.9, 0.7, -23.1)","(13.9, 1.4, -23.0)","(13.8, 0.7, -22.9)",
PLAYER_POSITIONS,97374,9/26/2024 3:36:09 PM,d5ae24f7-dfa6-4a87-8c0c-e6e66fb15b6d,2.0,,,,,,,,,,,,,,,,,,,,,,,,,,"(13.9, 0.7, -23.1)","(13.9, 1.4, -23.0)","(13.8, 0.7, -22.9)",
PLAYER_POSITIONS,97902,9/26/2024 3:36:09 PM,d5ae24f7-dfa6-4a87-8c0c-e6e66fb15b6d,2.0,,,,,,,,,,,,,,,,,,,,,,,,,,"(13.9, 0.7, -23.1)","(13.9, 1.4, -23.0)","(13.8, 0.7, -22.9)",
PLAYER_POSITIONS,97902,9/26/2024 3:36:09 PM,d5ae24f7-dfa6-4a87-8c0c-e6e66fb15b6d,2.0,,,,,,,,,,,,,,,,,,,,,,,,,,"(13.9, 0.7, -23.1)","(13.9, 1.4, -23.0)","(13.8, 0.7, -22.9)",
PLAYER_POSITIONS,98430,9/26/2024 3:36:10 PM,d5ae24f7-dfa6-4a87-8c0c-e6e66fb15b6d,2.0,,,,,,,,,,,,,,,,,,,,,,,,,,"(13.9, 0.7, -23.1)","(13.9, 1.4, -23.0)","(13.8, 0.7, -22.9)",
PLAYER_POSITIONS,98430,9/26/2024 3:36:10 PM,d5ae24f7-dfa6-4a87-8c0c-e6e66fb15b6d,2.0,,,,,,,,,,,,,,,,,,,,,,,,,,"(13.9, 0.7, -23.1)","(13.9, 1.4, -23.0)","(13.8, 0.7, -22.9)",
PLAYER_POSITIONS,98957,9/26/2024 3:36:10 PM,d5ae24f7-dfa6-4a87-8c0c-e6e66fb15b6d,2.0,,,,,,,,,,,,,,,,,,,,,,,,,,"(13.9, 0.7, -23.1)","(13.9, 1.4, -23.0)","(13.8, 0.7, -22.9)",
PLAYER_POSITIONS,98957,9/26/2024 3:36:10 PM,d5ae24f7-dfa6-4a87-8c0c-e6e66fb15b6d,2.0,,,,,,,,,,,,,,,,,,,,,,,,,,"(13.9, 0.7, -23.1)","(13.9, 1.4, -23.0)","(13.8, 0.7, -22.9)",
Participant ID, 202409107
