EventName,ElapsedTime,Timestamp,SessionID,Version,ButtonClickMessage,CurrentDurationEngaged,DragStartPosition,DragStopPosition,InjuryBodyRegion,InjuryName,InjuryPosition,InjuryRequiredProcedure,InjuryRequiredTreatmentCount,InjuryRequiredTreatmentsApplied,InjurySeverity,InjuryTreatedWithCorrectTreatment,InjuryTreatmentComplete,PatientBreathing,PatientHealthLevel,PatientHealthTimeRemaining,PatientHearing,PatientID,PatientMood,PatientPose,PatientPosition,PatientPulse,PatientRotation,PatientSpO2,PatientTriageLevel,PatientTriageSort,PlayerDirection,PlayerDistanceFromPatient,PlayerLeftHandPosition,PlayerPosition,PlayerRightHandPosition,QuestionAnswer,QuestionPrompt,TagType,TeleportPosition,ToolAttachMessage,ToolAttachParent,ToolCount,ToolMessageSender,ToolType,TotalDurationEngaged,TriageSortCommand,VoiceCaptureCommandDescription,VoiceCaptureMessage,WeaponsDisarmed,WeaponsHeld,
VOICE_CAPTURE,-51435,4/14/2026 9:17:44 AM,4c49e0a8-5384-453b-bf63-6d5e7d302572,2.0,,,,,,,,,,,,,,,,,,,,,,,,,,,,,,,,,,,,,,,,,,,NA,Thank you.,
VOICE_CAPTURE,-5696,4/14/2026 9:18:30 AM,4c49e0a8-5384-453b-bf63-6d5e7d302572,2.0,,,,,,,,,,,,,,,,,,,,,,,,,,,,,,,,,,,,,,,,,,,NA,Thank you.,
SESSION_START,13,4/14/2026 9:18:36 AM,b5d28558-1816-47d0-ba58-ef1da6e9c53c,2.0,
PATIENT_RECORD,14,4/14/2026 9:18:36 AM,b5d28558-1816-47d0-ba58-ef1da6e9c53c,2.0,,,,,,,,,,,,,,fast,100,Infinity,normal,US Military 1,agony,supine,"(5.9, 0.0, 2.1)",fast,"(0.0, -1.0, 0.0, 0.1)",normal,IMMEDIATE,still,
INJURY_RECORD,15,4/14/2026 9:18:36 AM,b5d28558-1816-47d0-ba58-ef1da6e9c53c,2.0,,,,,leftLeg,L Shin Amputation,"(6.0, 0.4, 2.1)",tourniquet,1,0,high,False,False,,,,,US Military 1,
PATIENT_RECORD,15,4/14/2026 9:18:36 AM,b5d28558-1816-47d0-ba58-ef1da6e9c53c,2.0,,,,,,,,,,,,,,normal,100,Infinity,normal,Civilian 1,upset,fetal,"(4.7, 0.0, -3.6)",normal,"(0.0, -0.4, 0.0, 0.9)",normal,DELAYED,still,
INJURY_RECORD,15,4/14/2026 9:18:36 AM,b5d28558-1816-47d0-ba58-ef1da6e9c53c,2.0,,,,,leftLeg,L Thigh Laceration,"(4.5, 0.6, -3.7)",israeliWrap,1,0,medium,False,False,,,,,Civilian 1,
PATIENT_RECORD,15,4/14/2026 9:18:36 AM,b5d28558-1816-47d0-ba58-ef1da6e9c53c,2.0,,,,,,,,,,,,,,fast,100,Infinity,normal,Attacker 1,agony,prone,"(4.5, 0.0, 4.9)",fast,"(0.0, 1.0, 0.0, -0.3)",normal,IMMEDIATE,still,
INJURY_RECORD,15,4/14/2026 9:18:36 AM,b5d28558-1816-47d0-ba58-ef1da6e9c53c,2.0,,,,,abdomen,R Stomach Puncture,"(4.4, 1.1, 4.9)",woundpack,1,0,high,False,False,,,,,Attacker 1,
PATIENT_RECORD,15,4/14/2026 9:18:36 AM,b5d28558-1816-47d0-ba58-ef1da6e9c53c,2.0,,,,,,,,,,,,,,fast,100,Infinity,normal,US Military 2,calm,supine,"(0.4, 0.0, 4.0)",fast,"(0.0, -0.9, 0.0, 0.4)",normal,MINIMAL,still,
INJURY_RECORD,15,4/14/2026 9:18:36 AM,b5d28558-1816-47d0-ba58-ef1da6e9c53c,2.0,,,,,leftHand,L Wrist Broken,"(0.6, 1.3, 3.7)",splint,1,0,low,False,False,,,,,US Military 2,
PATIENT_RECORD,15,4/14/2026 9:18:36 AM,b5d28558-1816-47d0-ba58-ef1da6e9c53c,2.0,,,,,,,,,,,,,,fast,100,Infinity,normal,Civilian 2,agony,fetal,"(2.9, 0.0, 1.9)",fast,"(0.0, -0.9, 0.0, 0.4)",normal,IMMEDIATE,still,
INJURY_RECORD,15,4/14/2026 9:18:36 AM,b5d28558-1816-47d0-ba58-ef1da6e9c53c,2.0,,,,,abdomen,R Stomach Puncture,"(2.7, 1.0, 2.0)",woundpack,1,0,high,False,False,,,,,Civilian 2,
PATIENT_RECORD,15,4/14/2026 9:18:36 AM,b5d28558-1816-47d0-ba58-ef1da6e9c53c,2.0,,,,,,,,,,,,,,restricted,100,Infinity,none,US Military 3,unresponsive,supine,"(-0.8, 0.0, -5.5)",faint,"(0.0, 0.4, 0.0, 0.9)",low,EXPECTANT,still,
INJURY_RECORD,15,4/14/2026 9:18:36 AM,b5d28558-1816-47d0-ba58-ef1da6e9c53c,2.0,,,,,chest,L Chest Collapse,"(-0.9, 1.3, -5.4)",decompressionNeedle,1,0,high,False,False,,,,,US Military 3,
INJURY_RECORD,15,4/14/2026 9:18:36 AM,b5d28558-1816-47d0-ba58-ef1da6e9c53c,2.0,,,,,chest,R Chest Puncture,"(-0.7, 1.3, -5.5)",chestSeal,1,0,high,False,False,,,,,US Military 3,
PATIENT_RECORD,15,4/14/2026 9:18:36 AM,b5d28558-1816-47d0-ba58-ef1da6e9c53c,2.0,,,,,,,,,,,,,,fast,100,Infinity,normal,US Military 4,agony,supine,"(-0.9, 0.0, 0.3)",fast,"(0.0, 0.0, 0.0, 1.0)",normal,IMMEDIATE,still,
INJURY_RECORD,15,4/14/2026 9:18:36 AM,b5d28558-1816-47d0-ba58-ef1da6e9c53c,2.0,,,,,abdomen,R Stomach Puncture,"(-0.8, 1.1, 0.3)",woundpack,1,0,high,False,False,,,,,US Military 4,
PATIENT_RECORD,15,4/14/2026 9:18:36 AM,b5d28558-1816-47d0-ba58-ef1da6e9c53c,2.0,,,,,,,,,,,,,,normal,100,Infinity,normal,Attacker 2,agony,sittingGround,"(-3.1, 0.0, 5.2)",fast,"(0.0, -0.9, 0.0, 0.3)",normal,DELAYED,still,
INJURY_RECORD,15,4/14/2026 9:18:36 AM,b5d28558-1816-47d0-ba58-ef1da6e9c53c,2.0,,,,,chest,L Shoulder Puncture,"(-3.0, 1.4, 5.1)",woundpack,1,0,medium,False,False,,,,,Attacker 2,
PATIENT_RECORD,15,4/14/2026 9:18:36 AM,b5d28558-1816-47d0-ba58-ef1da6e9c53c,2.0,,,,,,,,,,,,,,fast,100,Infinity,normal,Civilian 3,agony,recovery,"(-2.1, 0.0, -2.1)",fast,"(0.0, 0.8, 0.0, 0.6)",normal,IMMEDIATE,still,
INJURY_RECORD,15,4/14/2026 9:18:36 AM,b5d28558-1816-47d0-ba58-ef1da6e9c53c,2.0,,,,,rightLeg,R Shin Amputation,"(-2.1, 0.4, -2.2)",tourniquet,1,0,high,False,False,,,,,Civilian 3,
PATIENT_RECORD,15,4/14/2026 9:18:36 AM,b5d28558-1816-47d0-ba58-ef1da6e9c53c,2.0,,,,,,,,,,,,,,fast,100,Infinity,normal,US Military 5,agony,supine,"(-5.5, 0.0, -3.8)",fast,"(0.0, 0.1, 0.0, 1.0)",normal,IMMEDIATE,still,
INJURY_RECORD,15,4/14/2026 9:18:36 AM,b5d28558-1816-47d0-ba58-ef1da6e9c53c,2.0,,,,,leftLeg,L Shin Amputation,"(-5.6, 0.4, -3.8)",tourniquet,1,0,high,False,False,,,,,US Military 5,
PATIENT_RECORD,15,4/14/2026 9:18:36 AM,b5d28558-1816-47d0-ba58-ef1da6e9c53c,2.0,,,,,,,,,,,,,,fast,100,Infinity,normal,US Military 6,agony,supine,"(5.2, 0.0, -22.2)",fast,"(0.0, 0.4, 0.0, 0.9)",normal,DELAYED,still,
INJURY_RECORD,15,4/14/2026 9:18:36 AM,b5d28558-1816-47d0-ba58-ef1da6e9c53c,2.0,,,,,chest,R Chest Puncture,"(5.3, 1.3, -22.2)",chestSeal,1,0,high,False,False,,,,,US Military 6,
PATIENT_RECORD,15,4/14/2026 9:18:36 AM,b5d28558-1816-47d0-ba58-ef1da6e9c53c,2.0,,,,,,,,,,,,,,none,100,Infinity,none,US Military 7,dead,prone,"(9.4, 0.0, -22.5)",none,"(0.0, 1.0, 0.0, 0.1)",normal,EXPECTANT,still,
PLAYER_POSITIONS,306,4/14/2026 9:18:36 AM,b5d28558-1816-47d0-ba58-ef1da6e9c53c,2.0,,,,,,,,,,,,,,,,,,,,,,,,,,,,,"(-8.2, 1.2, -5.7)","(-8.3, 1.6, -5.9)","(-8.1, 1.2, -5.8)",
PLAYER_GAZE,306,4/14/2026 9:18:36 AM,b5d28558-1816-47d0-ba58-ef1da6e9c53c,2.0,,,,,,,,,,,,,,,,,,US Military 5,,,,,,,,,"(-2.9, 1.6, -2.0)",,,"(-5.5, 0.0, -3.8)",
PLAYER_POSITIONS,306,4/14/2026 9:18:36 AM,b5d28558-1816-47d0-ba58-ef1da6e9c53c,2.0,,,,,,,,,,,,,,,,,,,,,,,,,,,,,"(-8.2, 1.2, -5.7)","(-8.3, 1.6, -5.9)","(-8.1, 1.2, -5.8)",
PLAYER_GAZE,306,4/14/2026 9:18:36 AM,b5d28558-1816-47d0-ba58-ef1da6e9c53c,2.0,,,,,,,,,,,,,,,,,,US Military 5,,,,,,,,,"(-2.9, 1.6, -2.0)",,,"(-5.5, 0.0, -3.8)",
PLAYER_POSITIONS,833,4/14/2026 9:18:37 AM,b5d28558-1816-47d0-ba58-ef1da6e9c53c,2.0,,,,,,,,,,,,,,,,,,,,,,,,,,,,,"(-8.2, 1.2, -5.7)","(-8.4, 1.6, -5.8)","(-8.2, 1.2, -5.8)",
PLAYER_GAZE,833,4/14/2026 9:18:37 AM,b5d28558-1816-47d0-ba58-ef1da6e9c53c,2.0,,,,,,,,,,,,,,,,,,US Military 5,,,,,,,,,"(-2.9, 1.6, -2.0)",,,"(-5.5, 0.0, -3.8)",
PLAYER_POSITIONS,833,4/14/2026 9:18:37 AM,b5d28558-1816-47d0-ba58-ef1da6e9c53c,2.0,,,,,,,,,,,,,,,,,,,,,,,,,,,,,"(-8.2, 1.2, -5.7)","(-8.4, 1.6, -5.8)","(-8.2, 1.2, -5.8)",
PLAYER_GAZE,833,4/14/2026 9:18:37 AM,b5d28558-1816-47d0-ba58-ef1da6e9c53c,2.0,,,,,,,,,,,,,,,,,,US Military 5,,,,,,,,,"(-2.9, 1.6, -2.0)",,,"(-5.5, 0.0, -3.8)",
PLAYER_POSITIONS,1354,4/14/2026 9:18:37 AM,b5d28558-1816-47d0-ba58-ef1da6e9c53c,2.0,,,,,,,,,,,,,,,,,,,,,,,,,,,,,"(-8.3, 1.2, -5.6)","(-8.4, 1.7, -5.8)","(-8.3, 1.2, -5.7)",
PLAYER_GAZE,1354,4/14/2026 9:18:37 AM,b5d28558-1816-47d0-ba58-ef1da6e9c53c,2.0,,,,,,,,,,,,,,,,,,US Military 5,,,,,,,,,"(-3.0, 1.7, -1.9)",,,"(-5.5, 0.0, -3.8)",
PLAYER_POSITIONS,1354,4/14/2026 9:18:37 AM,b5d28558-1816-47d0-ba58-ef1da6e9c53c,2.0,,,,,,,,,,,,,,,,,,,,,,,,,,,,,"(-8.3, 1.2, -5.6)","(-8.4, 1.7, -5.8)","(-8.3, 1.2, -5.7)",
PLAYER_GAZE,1354,4/14/2026 9:18:37 AM,b5d28558-1816-47d0-ba58-ef1da6e9c53c,2.0,,,,,,,,,,,,,,,,,,US Military 5,,,,,,,,,"(-3.0, 1.7, -1.9)",,,"(-5.5, 0.0, -3.8)",
PLAYER_POSITIONS,1857,4/14/2026 9:18:38 AM,b5d28558-1816-47d0-ba58-ef1da6e9c53c,2.0,,,,,,,,,,,,,,,,,,,,,,,,,,,,,"(-8.4, 1.2, -5.6)","(-8.5, 1.7, -5.7)","(-8.3, 1.2, -5.7)",
PLAYER_GAZE,1857,4/14/2026 9:18:38 AM,b5d28558-1816-47d0-ba58-ef1da6e9c53c,2.0,,,,,,,,,,,,,,,,,,Civilian 2,,,,,,,,,"(-11.3, 1.7, -7.7)",,,"(2.9, 0.0, 1.9)",
PLAYER_POSITIONS,1857,4/14/2026 9:18:38 AM,b5d28558-1816-47d0-ba58-ef1da6e9c53c,2.0,,,,,,,,,,,,,,,,,,,,,,,,,,,,,"(-8.4, 1.2, -5.6)","(-8.5, 1.7, -5.7)","(-8.3, 1.2, -5.7)",
PLAYER_GAZE,1857,4/14/2026 9:18:38 AM,b5d28558-1816-47d0-ba58-ef1da6e9c53c,2.0,,,,,,,,,,,,,,,,,,Civilian 2,,,,,,,,,"(-11.3, 1.7, -7.7)",,,"(2.9, 0.0, 1.9)",
PLAYER_POSITIONS,2375,4/14/2026 9:18:38 AM,b5d28558-1816-47d0-ba58-ef1da6e9c53c,2.0,,,,,,,,,,,,,,,,,,,,,,,,,,,,,"(-8.3, 1.2, -5.6)","(-8.4, 1.7, -5.8)","(-8.3, 1.2, -5.7)",
PLAYER_GAZE,2375,4/14/2026 9:18:38 AM,b5d28558-1816-47d0-ba58-ef1da6e9c53c,2.0,,,,,,,,,,,,,,,,,,Civilian 2,,,,,,,,,"(-11.3, 1.7, -7.7)",,,"(2.9, 0.0, 1.9)",
PLAYER_POSITIONS,2375,4/14/2026 9:18:38 AM,b5d28558-1816-47d0-ba58-ef1da6e9c53c,2.0,,,,,,,,,,,,,,,,,,,,,,,,,,,,,"(-8.3, 1.2, -5.6)","(-8.4, 1.7, -5.8)","(-8.3, 1.2, -5.7)",
PLAYER_GAZE,2375,4/14/2026 9:18:38 AM,b5d28558-1816-47d0-ba58-ef1da6e9c53c,2.0,,,,,,,,,,,,,,,,,,Civilian 2,,,,,,,,,"(-11.3, 1.7, -7.7)",,,"(2.9, 0.0, 1.9)",
PLAYER_POSITIONS,2895,4/14/2026 9:18:39 AM,b5d28558-1816-47d0-ba58-ef1da6e9c53c,2.0,,,,,,,,,,,,,,,,,,,,,,,,,,,,,"(-8.3, 1.2, -5.7)","(-8.4, 1.7, -5.8)","(-8.2, 1.2, -5.8)",
PLAYER_POSITIONS,2895,4/14/2026 9:18:39 AM,b5d28558-1816-47d0-ba58-ef1da6e9c53c,2.0,,,,,,,,,,,,,,,,,,,,,,,,,,,,,"(-8.3, 1.2, -5.7)","(-8.4, 1.7, -5.8)","(-8.2, 1.2, -5.8)",
PLAYER_POSITIONS,3396,4/14/2026 9:18:39 AM,b5d28558-1816-47d0-ba58-ef1da6e9c53c,2.0,,,,,,,,,,,,,,,,,,,,,,,,,,,,,"(-8.3, 1.2, -5.7)","(-8.4, 1.7, -5.8)","(-8.2, 1.2, -5.8)",
PLAYER_POSITIONS,3396,4/14/2026 9:18:39 AM,b5d28558-1816-47d0-ba58-ef1da6e9c53c,2.0,,,,,,,,,,,,,,,,,,,,,,,,,,,,,"(-8.3, 1.2, -5.7)","(-8.4, 1.7, -5.8)","(-8.2, 1.2, -5.8)",
PLAYER_POSITIONS,3905,4/14/2026 9:18:40 AM,b5d28558-1816-47d0-ba58-ef1da6e9c53c,2.0,,,,,,,,,,,,,,,,,,,,,,,,,,,,,"(-8.3, 1.2, -5.7)","(-8.4, 1.7, -5.8)","(-8.2, 1.2, -5.8)",
PLAYER_POSITIONS,3905,4/14/2026 9:18:40 AM,b5d28558-1816-47d0-ba58-ef1da6e9c53c,2.0,,,,,,,,,,,,,,,,,,,,,,,,,,,,,"(-8.3, 1.2, -5.7)","(-8.4, 1.7, -5.8)","(-8.2, 1.2, -5.8)",
PLAYER_POSITIONS,4405,4/14/2026 9:18:40 AM,b5d28558-1816-47d0-ba58-ef1da6e9c53c,2.0,,,,,,,,,,,,,,,,,,,,,,,,,,,,,"(-8.3, 1.2, -5.7)","(-8.4, 1.7, -5.8)","(-8.2, 1.2, -5.8)",
PLAYER_POSITIONS,4405,4/14/2026 9:18:40 AM,b5d28558-1816-47d0-ba58-ef1da6e9c53c,2.0,,,,,,,,,,,,,,,,,,,,,,,,,,,,,"(-8.3, 1.2, -5.7)","(-8.4, 1.7, -5.8)","(-8.2, 1.2, -5.8)",
PLAYER_POSITIONS,4911,4/14/2026 9:18:41 AM,b5d28558-1816-47d0-ba58-ef1da6e9c53c,2.0,,,,,,,,,,,,,,,,,,,,,,,,,,,,,"(-8.3, 1.2, -5.7)","(-8.4, 1.7, -5.8)","(-8.2, 1.2, -5.8)",
PLAYER_POSITIONS,4911,4/14/2026 9:18:41 AM,b5d28558-1816-47d0-ba58-ef1da6e9c53c,2.0,,,,,,,,,,,,,,,,,,,,,,,,,,,,,"(-8.3, 1.2, -5.7)","(-8.4, 1.7, -5.8)","(-8.2, 1.2, -5.8)",
PLAYER_POSITIONS,5435,4/14/2026 9:18:41 AM,b5d28558-1816-47d0-ba58-ef1da6e9c53c,2.0,,,,,,,,,,,,,,,,,,,,,,,,,,,,,"(-8.3, 1.2, -5.7)","(-8.4, 1.7, -5.8)","(-8.2, 1.2, -5.8)",
PLAYER_POSITIONS,5435,4/14/2026 9:18:41 AM,b5d28558-1816-47d0-ba58-ef1da6e9c53c,2.0,,,,,,,,,,,,,,,,,,,,,,,,,,,,,"(-8.3, 1.2, -5.7)","(-8.4, 1.7, -5.8)","(-8.2, 1.2, -5.8)",
PLAYER_POSITIONS,5936,4/14/2026 9:18:42 AM,b5d28558-1816-47d0-ba58-ef1da6e9c53c,2.0,,,,,,,,,,,,,,,,,,,,,,,,,,,,,"(-8.3, 1.2, -5.7)","(-8.4, 1.7, -5.8)","(-8.2, 1.2, -5.8)",
PLAYER_POSITIONS,5936,4/14/2026 9:18:42 AM,b5d28558-1816-47d0-ba58-ef1da6e9c53c,2.0,,,,,,,,,,,,,,,,,,,,,,,,,,,,,"(-8.3, 1.2, -5.7)","(-8.4, 1.7, -5.8)","(-8.2, 1.2, -5.8)",
PLAYER_POSITIONS,6449,4/14/2026 9:18:42 AM,b5d28558-1816-47d0-ba58-ef1da6e9c53c,2.0,,,,,,,,,,,,,,,,,,,,,,,,,,,,,"(-8.3, 1.2, -5.7)","(-8.4, 1.7, -5.8)","(-8.2, 1.2, -5.8)",
PLAYER_POSITIONS,6449,4/14/2026 9:18:42 AM,b5d28558-1816-47d0-ba58-ef1da6e9c53c,2.0,,,,,,,,,,,,,,,,,,,,,,,,,,,,,"(-8.3, 1.2, -5.7)","(-8.4, 1.7, -5.8)","(-8.2, 1.2, -5.8)",
PLAYER_POSITIONS,6938,4/14/2026 9:18:43 AM,b5d28558-1816-47d0-ba58-ef1da6e9c53c,2.0,,,,,,,,,,,,,,,,,,,,,,,,,,,,,"(-8.3, 1.2, -5.7)","(-8.4, 1.7, -5.8)","(-8.2, 1.2, -5.8)",
PLAYER_POSITIONS,6938,4/14/2026 9:18:43 AM,b5d28558-1816-47d0-ba58-ef1da6e9c53c,2.0,,,,,,,,,,,,,,,,,,,,,,,,,,,,,"(-8.3, 1.2, -5.7)","(-8.4, 1.7, -5.8)","(-8.2, 1.2, -5.8)",
PLAYER_POSITIONS,7447,4/14/2026 9:18:43 AM,b5d28558-1816-47d0-ba58-ef1da6e9c53c,2.0,,,,,,,,,,,,,,,,,,,,,,,,,,,,,"(-8.3, 1.2, -5.7)","(-8.4, 1.7, -5.8)","(-8.2, 1.2, -5.8)",
PLAYER_POSITIONS,7447,4/14/2026 9:18:43 AM,b5d28558-1816-47d0-ba58-ef1da6e9c53c,2.0,,,,,,,,,,,,,,,,,,,,,,,,,,,,,"(-8.3, 1.2, -5.7)","(-8.4, 1.7, -5.8)","(-8.2, 1.2, -5.8)",
PLAYER_POSITIONS,7941,4/14/2026 9:18:44 AM,b5d28558-1816-47d0-ba58-ef1da6e9c53c,2.0,,,,,,,,,,,,,,,,,,,,,,,,,,,,,"(-8.3, 1.2, -5.7)","(-8.4, 1.7, -5.8)","(-8.2, 1.2, -5.8)",
PLAYER_POSITIONS,7941,4/14/2026 9:18:44 AM,b5d28558-1816-47d0-ba58-ef1da6e9c53c,2.0,,,,,,,,,,,,,,,,,,,,,,,,,,,,,"(-8.3, 1.2, -5.7)","(-8.4, 1.7, -5.8)","(-8.2, 1.2, -5.8)",
PLAYER_POSITIONS,8444,4/14/2026 9:18:44 AM,b5d28558-1816-47d0-ba58-ef1da6e9c53c,2.0,,,,,,,,,,,,,,,,,,,,,,,,,,,,,"(-8.3, 1.2, -5.7)","(-8.4, 1.7, -5.8)","(-8.2, 1.2, -5.8)",
PLAYER_POSITIONS,8444,4/14/2026 9:18:44 AM,b5d28558-1816-47d0-ba58-ef1da6e9c53c,2.0,,,,,,,,,,,,,,,,,,,,,,,,,,,,,"(-8.3, 1.2, -5.7)","(-8.4, 1.7, -5.8)","(-8.2, 1.2, -5.8)",
PLAYER_POSITIONS,8957,4/14/2026 9:18:45 AM,b5d28558-1816-47d0-ba58-ef1da6e9c53c,2.0,,,,,,,,,,,,,,,,,,,,,,,,,,,,,"(-8.3, 1.2, -5.7)","(-8.4, 1.7, -5.8)","(-8.2, 1.2, -5.8)",
PLAYER_POSITIONS,8957,4/14/2026 9:18:45 AM,b5d28558-1816-47d0-ba58-ef1da6e9c53c,2.0,,,,,,,,,,,,,,,,,,,,,,,,,,,,,"(-8.3, 1.2, -5.7)","(-8.4, 1.7, -5.8)","(-8.2, 1.2, -5.8)",
PLAYER_POSITIONS,9458,4/14/2026 9:18:45 AM,b5d28558-1816-47d0-ba58-ef1da6e9c53c,2.0,,,,,,,,,,,,,,,,,,,,,,,,,,,,,"(-8.3, 1.2, -5.7)","(-8.4, 1.7, -5.8)","(-8.2, 1.2, -5.8)",
PLAYER_POSITIONS,9458,4/14/2026 9:18:45 AM,b5d28558-1816-47d0-ba58-ef1da6e9c53c,2.0,,,,,,,,,,,,,,,,,,,,,,,,,,,,,"(-8.3, 1.2, -5.7)","(-8.4, 1.7, -5.8)","(-8.2, 1.2, -5.8)",
PLAYER_POSITIONS,9978,4/14/2026 9:18:46 AM,b5d28558-1816-47d0-ba58-ef1da6e9c53c,2.0,,,,,,,,,,,,,,,,,,,,,,,,,,,,,"(-8.3, 1.2, -5.7)","(-8.4, 1.7, -5.8)","(-8.2, 1.2, -5.8)",
PLAYER_POSITIONS,9978,4/14/2026 9:18:46 AM,b5d28558-1816-47d0-ba58-ef1da6e9c53c,2.0,,,,,,,,,,,,,,,,,,,,,,,,,,,,,"(-8.3, 1.2, -5.7)","(-8.4, 1.7, -5.8)","(-8.2, 1.2, -5.8)",
PLAYER_POSITIONS,10488,4/14/2026 9:18:46 AM,b5d28558-1816-47d0-ba58-ef1da6e9c53c,2.0,,,,,,,,,,,,,,,,,,,,,,,,,,,,,"(-8.3, 1.2, -5.7)","(-8.4, 1.7, -5.8)","(-8.2, 1.2, -5.8)",
PLAYER_POSITIONS,10488,4/14/2026 9:18:46 AM,b5d28558-1816-47d0-ba58-ef1da6e9c53c,2.0,,,,,,,,,,,,,,,,,,,,,,,,,,,,,"(-8.3, 1.2, -5.7)","(-8.4, 1.7, -5.8)","(-8.2, 1.2, -5.8)",
PLAYER_POSITIONS,10983,4/14/2026 9:18:47 AM,b5d28558-1816-47d0-ba58-ef1da6e9c53c,2.0,,,,,,,,,,,,,,,,,,,,,,,,,,,,,"(-8.3, 1.2, -5.7)","(-8.4, 1.7, -5.8)","(-8.2, 1.2, -5.8)",
PLAYER_POSITIONS,10983,4/14/2026 9:18:47 AM,b5d28558-1816-47d0-ba58-ef1da6e9c53c,2.0,,,,,,,,,,,,,,,,,,,,,,,,,,,,,"(-8.3, 1.2, -5.7)","(-8.4, 1.7, -5.8)","(-8.2, 1.2, -5.8)",
PLAYER_POSITIONS,11483,4/14/2026 9:18:47 AM,b5d28558-1816-47d0-ba58-ef1da6e9c53c,2.0,,,,,,,,,,,,,,,,,,,,,,,,,,,,,"(-8.3, 1.2, -5.7)","(-8.4, 1.7, -5.8)","(-8.2, 1.2, -5.8)",
PLAYER_POSITIONS,11483,4/14/2026 9:18:47 AM,b5d28558-1816-47d0-ba58-ef1da6e9c53c,2.0,,,,,,,,,,,,,,,,,,,,,,,,,,,,,"(-8.3, 1.2, -5.7)","(-8.4, 1.7, -5.8)","(-8.2, 1.2, -5.8)",
PLAYER_POSITIONS,11985,4/14/2026 9:18:48 AM,b5d28558-1816-47d0-ba58-ef1da6e9c53c,2.0,,,,,,,,,,,,,,,,,,,,,,,,,,,,,"(-8.3, 1.2, -5.7)","(-8.4, 1.7, -5.8)","(-8.2, 1.2, -5.8)",
PLAYER_POSITIONS,11985,4/14/2026 9:18:48 AM,b5d28558-1816-47d0-ba58-ef1da6e9c53c,2.0,,,,,,,,,,,,,,,,,,,,,,,,,,,,,"(-8.3, 1.2, -5.7)","(-8.4, 1.7, -5.8)","(-8.2, 1.2, -5.8)",
PLAYER_POSITIONS,12495,4/14/2026 9:18:48 AM,b5d28558-1816-47d0-ba58-ef1da6e9c53c,2.0,,,,,,,,,,,,,,,,,,,,,,,,,,,,,"(-8.3, 1.2, -5.7)","(-8.4, 1.7, -5.8)","(-8.2, 1.2, -5.8)",
PLAYER_POSITIONS,12495,4/14/2026 9:18:48 AM,b5d28558-1816-47d0-ba58-ef1da6e9c53c,2.0,,,,,,,,,,,,,,,,,,,,,,,,,,,,,"(-8.3, 1.2, -5.7)","(-8.4, 1.7, -5.8)","(-8.2, 1.2, -5.8)",
PLAYER_POSITIONS,13005,4/14/2026 9:18:49 AM,b5d28558-1816-47d0-ba58-ef1da6e9c53c,2.0,,,,,,,,,,,,,,,,,,,,,,,,,,,,,"(-8.3, 1.2, -5.7)","(-8.4, 1.7, -5.8)","(-8.2, 1.2, -5.8)",
PLAYER_POSITIONS,13005,4/14/2026 9:18:49 AM,b5d28558-1816-47d0-ba58-ef1da6e9c53c,2.0,,,,,,,,,,,,,,,,,,,,,,,,,,,,,"(-8.3, 1.2, -5.7)","(-8.4, 1.7, -5.8)","(-8.2, 1.2, -5.8)",
PLAYER_POSITIONS,13505,4/14/2026 9:18:49 AM,b5d28558-1816-47d0-ba58-ef1da6e9c53c,2.0,,,,,,,,,,,,,,,,,,,,,,,,,,,,,"(-8.3, 1.2, -5.7)","(-8.4, 1.7, -5.8)","(-8.2, 1.2, -5.8)",
PLAYER_POSITIONS,13505,4/14/2026 9:18:49 AM,b5d28558-1816-47d0-ba58-ef1da6e9c53c,2.0,,,,,,,,,,,,,,,,,,,,,,,,,,,,,"(-8.3, 1.2, -5.7)","(-8.4, 1.7, -5.8)","(-8.2, 1.2, -5.8)",
PLAYER_POSITIONS,14026,4/14/2026 9:18:50 AM,b5d28558-1816-47d0-ba58-ef1da6e9c53c,2.0,,,,,,,,,,,,,,,,,,,,,,,,,,,,,"(-8.3, 1.2, -5.7)","(-8.4, 1.7, -5.8)","(-8.2, 1.2, -5.8)",
PLAYER_POSITIONS,14026,4/14/2026 9:18:50 AM,b5d28558-1816-47d0-ba58-ef1da6e9c53c,2.0,,,,,,,,,,,,,,,,,,,,,,,,,,,,,"(-8.3, 1.2, -5.7)","(-8.4, 1.7, -5.8)","(-8.2, 1.2, -5.8)",
PLAYER_POSITIONS,14540,4/14/2026 9:18:50 AM,b5d28558-1816-47d0-ba58-ef1da6e9c53c,2.0,,,,,,,,,,,,,,,,,,,,,,,,,,,,,"(-8.3, 1.2, -5.7)","(-8.4, 1.7, -5.8)","(-8.2, 1.2, -5.8)",
PLAYER_POSITIONS,14540,4/14/2026 9:18:50 AM,b5d28558-1816-47d0-ba58-ef1da6e9c53c,2.0,,,,,,,,,,,,,,,,,,,,,,,,,,,,,"(-8.3, 1.2, -5.7)","(-8.4, 1.7, -5.8)","(-8.2, 1.2, -5.8)",
PLAYER_POSITIONS,15050,4/14/2026 9:18:51 AM,b5d28558-1816-47d0-ba58-ef1da6e9c53c,2.0,,,,,,,,,,,,,,,,,,,,,,,,,,,,,"(-8.3, 1.2, -5.7)","(-8.4, 1.7, -5.8)","(-8.2, 1.2, -5.8)",
PLAYER_POSITIONS,15050,4/14/2026 9:18:51 AM,b5d28558-1816-47d0-ba58-ef1da6e9c53c,2.0,,,,,,,,,,,,,,,,,,,,,,,,,,,,,"(-8.3, 1.2, -5.7)","(-8.4, 1.7, -5.8)","(-8.2, 1.2, -5.8)",
PLAYER_POSITIONS,15558,4/14/2026 9:18:51 AM,b5d28558-1816-47d0-ba58-ef1da6e9c53c,2.0,,,,,,,,,,,,,,,,,,,,,,,,,,,,,"(-8.3, 1.2, -5.7)","(-8.4, 1.7, -5.8)","(-8.2, 1.2, -5.8)",
PLAYER_POSITIONS,15558,4/14/2026 9:18:51 AM,b5d28558-1816-47d0-ba58-ef1da6e9c53c,2.0,,,,,,,,,,,,,,,,,,,,,,,,,,,,,"(-8.3, 1.2, -5.7)","(-8.4, 1.7, -5.8)","(-8.2, 1.2, -5.8)",
PLAYER_POSITIONS,16065,4/14/2026 9:18:52 AM,b5d28558-1816-47d0-ba58-ef1da6e9c53c,2.0,,,,,,,,,,,,,,,,,,,,,,,,,,,,,"(-8.3, 1.2, -5.7)","(-8.4, 1.7, -5.8)","(-8.2, 1.2, -5.8)",
PLAYER_POSITIONS,16065,4/14/2026 9:18:52 AM,b5d28558-1816-47d0-ba58-ef1da6e9c53c,2.0,,,,,,,,,,,,,,,,,,,,,,,,,,,,,"(-8.3, 1.2, -5.7)","(-8.4, 1.7, -5.8)","(-8.2, 1.2, -5.8)",
PLAYER_POSITIONS,16575,4/14/2026 9:18:52 AM,b5d28558-1816-47d0-ba58-ef1da6e9c53c,2.0,,,,,,,,,,,,,,,,,,,,,,,,,,,,,"(-8.3, 1.2, -5.7)","(-8.4, 1.7, -5.8)","(-8.2, 1.2, -5.8)",
PLAYER_POSITIONS,16575,4/14/2026 9:18:52 AM,b5d28558-1816-47d0-ba58-ef1da6e9c53c,2.0,,,,,,,,,,,,,,,,,,,,,,,,,,,,,"(-8.3, 1.2, -5.7)","(-8.4, 1.7, -5.8)","(-8.2, 1.2, -5.8)",
PLAYER_POSITIONS,17077,4/14/2026 9:18:53 AM,b5d28558-1816-47d0-ba58-ef1da6e9c53c,2.0,,,,,,,,,,,,,,,,,,,,,,,,,,,,,"(-8.3, 1.2, -5.7)","(-8.4, 1.7, -5.8)","(-8.2, 1.2, -5.8)",
PLAYER_POSITIONS,17077,4/14/2026 9:18:53 AM,b5d28558-1816-47d0-ba58-ef1da6e9c53c,2.0,,,,,,,,,,,,,,,,,,,,,,,,,,,,,"(-8.3, 1.2, -5.7)","(-8.4, 1.7, -5.8)","(-8.2, 1.2, -5.8)",
PLAYER_POSITIONS,17584,4/14/2026 9:18:53 AM,b5d28558-1816-47d0-ba58-ef1da6e9c53c,2.0,,,,,,,,,,,,,,,,,,,,,,,,,,,,,"(-8.3, 1.2, -5.7)","(-8.4, 1.7, -5.8)","(-8.2, 1.2, -5.8)",
PLAYER_POSITIONS,17584,4/14/2026 9:18:53 AM,b5d28558-1816-47d0-ba58-ef1da6e9c53c,2.0,,,,,,,,,,,,,,,,,,,,,,,,,,,,,"(-8.3, 1.2, -5.7)","(-8.4, 1.7, -5.8)","(-8.2, 1.2, -5.8)",
PLAYER_POSITIONS,18092,4/14/2026 9:18:54 AM,b5d28558-1816-47d0-ba58-ef1da6e9c53c,2.0,,,,,,,,,,,,,,,,,,,,,,,,,,,,,"(-8.3, 1.2, -5.7)","(-8.4, 1.7, -5.8)","(-8.2, 1.2, -5.8)",
PLAYER_POSITIONS,18092,4/14/2026 9:18:54 AM,b5d28558-1816-47d0-ba58-ef1da6e9c53c,2.0,,,,,,,,,,,,,,,,,,,,,,,,,,,,,"(-8.3, 1.2, -5.7)","(-8.4, 1.7, -5.8)","(-8.2, 1.2, -5.8)",
PLAYER_POSITIONS,18593,4/14/2026 9:18:54 AM,b5d28558-1816-47d0-ba58-ef1da6e9c53c,2.0,,,,,,,,,,,,,,,,,,,,,,,,,,,,,"(-8.3, 1.2, -5.7)","(-8.4, 1.7, -5.8)","(-8.2, 1.2, -5.8)",
PLAYER_POSITIONS,18593,4/14/2026 9:18:54 AM,b5d28558-1816-47d0-ba58-ef1da6e9c53c,2.0,,,,,,,,,,,,,,,,,,,,,,,,,,,,,"(-8.3, 1.2, -5.7)","(-8.4, 1.7, -5.8)","(-8.2, 1.2, -5.8)",
PLAYER_POSITIONS,19101,4/14/2026 9:18:55 AM,b5d28558-1816-47d0-ba58-ef1da6e9c53c,2.0,,,,,,,,,,,,,,,,,,,,,,,,,,,,,"(-8.3, 1.2, -5.7)","(-8.4, 1.7, -5.8)","(-8.2, 1.2, -5.8)",
PLAYER_POSITIONS,19101,4/14/2026 9:18:55 AM,b5d28558-1816-47d0-ba58-ef1da6e9c53c,2.0,,,,,,,,,,,,,,,,,,,,,,,,,,,,,"(-8.3, 1.2, -5.7)","(-8.4, 1.7, -5.8)","(-8.2, 1.2, -5.8)",
PLAYER_POSITIONS,19595,4/14/2026 9:18:55 AM,b5d28558-1816-47d0-ba58-ef1da6e9c53c,2.0,,,,,,,,,,,,,,,,,,,,,,,,,,,,,"(-8.3, 1.2, -5.7)","(-8.4, 1.7, -5.8)","(-8.2, 1.2, -5.8)",
PLAYER_POSITIONS,19595,4/14/2026 9:18:55 AM,b5d28558-1816-47d0-ba58-ef1da6e9c53c,2.0,,,,,,,,,,,,,,,,,,,,,,,,,,,,,"(-8.3, 1.2, -5.7)","(-8.4, 1.7, -5.8)","(-8.2, 1.2, -5.8)",
PLAYER_POSITIONS,20102,4/14/2026 9:18:56 AM,b5d28558-1816-47d0-ba58-ef1da6e9c53c,2.0,,,,,,,,,,,,,,,,,,,,,,,,,,,,,"(-8.3, 1.2, -5.7)","(-8.4, 1.7, -5.8)","(-8.2, 1.2, -5.8)",
PLAYER_POSITIONS,20102,4/14/2026 9:18:56 AM,b5d28558-1816-47d0-ba58-ef1da6e9c53c,2.0,,,,,,,,,,,,,,,,,,,,,,,,,,,,,"(-8.3, 1.2, -5.7)","(-8.4, 1.7, -5.8)","(-8.2, 1.2, -5.8)",
PLAYER_POSITIONS,20618,4/14/2026 9:18:56 AM,b5d28558-1816-47d0-ba58-ef1da6e9c53c,2.0,,,,,,,,,,,,,,,,,,,,,,,,,,,,,"(-8.3, 1.2, -5.7)","(-8.4, 1.7, -5.8)","(-8.2, 1.2, -5.8)",
PLAYER_POSITIONS,20618,4/14/2026 9:18:56 AM,b5d28558-1816-47d0-ba58-ef1da6e9c53c,2.0,,,,,,,,,,,,,,,,,,,,,,,,,,,,,"(-8.3, 1.2, -5.7)","(-8.4, 1.7, -5.8)","(-8.2, 1.2, -5.8)",
PLAYER_POSITIONS,21126,4/14/2026 9:18:57 AM,b5d28558-1816-47d0-ba58-ef1da6e9c53c,2.0,,,,,,,,,,,,,,,,,,,,,,,,,,,,,"(-8.3, 1.2, -5.7)","(-8.4, 1.7, -5.8)","(-8.2, 1.2, -5.8)",
PLAYER_POSITIONS,21126,4/14/2026 9:18:57 AM,b5d28558-1816-47d0-ba58-ef1da6e9c53c,2.0,,,,,,,,,,,,,,,,,,,,,,,,,,,,,"(-8.3, 1.2, -5.7)","(-8.4, 1.7, -5.8)","(-8.2, 1.2, -5.8)",
PLAYER_POSITIONS,21628,4/14/2026 9:18:57 AM,b5d28558-1816-47d0-ba58-ef1da6e9c53c,2.0,,,,,,,,,,,,,,,,,,,,,,,,,,,,,"(-8.3, 1.2, -5.7)","(-8.4, 1.7, -5.8)","(-8.2, 1.2, -5.8)",
PLAYER_POSITIONS,21628,4/14/2026 9:18:57 AM,b5d28558-1816-47d0-ba58-ef1da6e9c53c,2.0,,,,,,,,,,,,,,,,,,,,,,,,,,,,,"(-8.3, 1.2, -5.7)","(-8.4, 1.7, -5.8)","(-8.2, 1.2, -5.8)",
PLAYER_POSITIONS,22141,4/14/2026 9:18:58 AM,b5d28558-1816-47d0-ba58-ef1da6e9c53c,2.0,,,,,,,,,,,,,,,,,,,,,,,,,,,,,"(-8.3, 1.2, -5.7)","(-8.4, 1.7, -5.8)","(-8.2, 1.2, -5.8)",
PLAYER_POSITIONS,22141,4/14/2026 9:18:58 AM,b5d28558-1816-47d0-ba58-ef1da6e9c53c,2.0,,,,,,,,,,,,,,,,,,,,,,,,,,,,,"(-8.3, 1.2, -5.7)","(-8.4, 1.7, -5.8)","(-8.2, 1.2, -5.8)",
PLAYER_POSITIONS,22640,4/14/2026 9:18:58 AM,b5d28558-1816-47d0-ba58-ef1da6e9c53c,2.0,,,,,,,,,,,,,,,,,,,,,,,,,,,,,"(-8.3, 1.2, -5.7)","(-8.4, 1.7, -5.8)","(-8.2, 1.2, -5.8)",
PLAYER_POSITIONS,22640,4/14/2026 9:18:58 AM,b5d28558-1816-47d0-ba58-ef1da6e9c53c,2.0,,,,,,,,,,,,,,,,,,,,,,,,,,,,,"(-8.3, 1.2, -5.7)","(-8.4, 1.7, -5.8)","(-8.2, 1.2, -5.8)",
PLAYER_POSITIONS,23155,4/14/2026 9:18:59 AM,b5d28558-1816-47d0-ba58-ef1da6e9c53c,2.0,,,,,,,,,,,,,,,,,,,,,,,,,,,,,"(-8.3, 1.2, -5.6)","(-8.4, 1.7, -5.8)","(-8.3, 1.2, -5.7)",
PLAYER_GAZE,23155,4/14/2026 9:18:59 AM,b5d28558-1816-47d0-ba58-ef1da6e9c53c,2.0,,,,,,,,,,,,,,,,,,Civilian 3,,,,,,,,,"(-6.3, 1.7, -3.7)",,,"(-2.1, 0.0, -2.1)",
PLAYER_POSITIONS,23155,4/14/2026 9:18:59 AM,b5d28558-1816-47d0-ba58-ef1da6e9c53c,2.0,,,,,,,,,,,,,,,,,,,,,,,,,,,,,"(-8.3, 1.2, -5.6)","(-8.4, 1.7, -5.8)","(-8.3, 1.2, -5.7)",
PLAYER_GAZE,23155,4/14/2026 9:18:59 AM,b5d28558-1816-47d0-ba58-ef1da6e9c53c,2.0,,,,,,,,,,,,,,,,,,Civilian 3,,,,,,,,,"(-6.3, 1.7, -3.7)",,,"(-2.1, 0.0, -2.1)",
PLAYER_POSITIONS,23665,4/14/2026 9:18:59 AM,b5d28558-1816-47d0-ba58-ef1da6e9c53c,2.0,,,,,,,,,,,,,,,,,,,,,,,,,,,,,"(-8.4, 1.2, -5.5)","(-8.5, 1.6, -5.7)","(-8.3, 1.2, -5.6)",
PLAYER_GAZE,23665,4/14/2026 9:18:59 AM,b5d28558-1816-47d0-ba58-ef1da6e9c53c,2.0,,,,,,,,,,,,,,,,,,US Military 4,,,,,,,,,"(-7.6, 1.6, -6.0)",,,"(-0.9, 0.0, 0.3)",
PLAYER_POSITIONS,23665,4/14/2026 9:18:59 AM,b5d28558-1816-47d0-ba58-ef1da6e9c53c,2.0,,,,,,,,,,,,,,,,,,,,,,,,,,,,,"(-8.4, 1.2, -5.5)","(-8.5, 1.6, -5.7)","(-8.3, 1.2, -5.6)",
PLAYER_GAZE,23665,4/14/2026 9:18:59 AM,b5d28558-1816-47d0-ba58-ef1da6e9c53c,2.0,,,,,,,,,,,,,,,,,,US Military 4,,,,,,,,,"(-7.6, 1.6, -6.0)",,,"(-0.9, 0.0, 0.3)",
PLAYER_POSITIONS,24185,4/14/2026 9:19:00 AM,b5d28558-1816-47d0-ba58-ef1da6e9c53c,2.0,,,,,,,,,,,,,,,,,,,,,,,,,,,,,"(-8.4, 1.2, -5.5)","(-8.5, 1.6, -5.7)","(-8.4, 1.2, -5.6)",
PLAYER_GAZE,24185,4/14/2026 9:19:00 AM,b5d28558-1816-47d0-ba58-ef1da6e9c53c,2.0,,,,,,,,,,,,,,,,,,US Military 4,,,,,,,,,"(-7.6, 1.6, -6.0)",,,"(-0.9, 0.0, 0.3)",
PLAYER_POSITIONS,24185,4/14/2026 9:19:00 AM,b5d28558-1816-47d0-ba58-ef1da6e9c53c,2.0,,,,,,,,,,,,,,,,,,,,,,,,,,,,,"(-8.4, 1.2, -5.5)","(-8.5, 1.6, -5.7)","(-8.4, 1.2, -5.6)",
PLAYER_GAZE,24185,4/14/2026 9:19:00 AM,b5d28558-1816-47d0-ba58-ef1da6e9c53c,2.0,,,,,,,,,,,,,,,,,,US Military 4,,,,,,,,,"(-7.6, 1.6, -6.0)",,,"(-0.9, 0.0, 0.3)",
PLAYER_POSITIONS,24725,4/14/2026 9:19:00 AM,b5d28558-1816-47d0-ba58-ef1da6e9c53c,2.0,,,,,,,,,,,,,,,,,,,,,,,,,,,,,"(-8.4, 1.2, -5.6)","(-8.5, 1.6, -5.7)","(-8.3, 1.2, -5.7)",
PLAYER_GAZE,24725,4/14/2026 9:19:00 AM,b5d28558-1816-47d0-ba58-ef1da6e9c53c,2.0,,,,,,,,,,,,,,,,,,Civilian 3,,,,,,,,,"(-6.4, 1.6, -3.6)",,,"(-2.1, 0.0, -2.1)",
PLAYER_POSITIONS,24725,4/14/2026 9:19:00 AM,b5d28558-1816-47d0-ba58-ef1da6e9c53c,2.0,,,,,,,,,,,,,,,,,,,,,,,,,,,,,"(-8.4, 1.2, -5.6)","(-8.5, 1.6, -5.7)","(-8.3, 1.2, -5.7)",
PLAYER_GAZE,24725,4/14/2026 9:19:00 AM,b5d28558-1816-47d0-ba58-ef1da6e9c53c,2.0,,,,,,,,,,,,,,,,,,Civilian 3,,,,,,,,,"(-6.4, 1.6, -3.6)",,,"(-2.1, 0.0, -2.1)",
PLAYER_POSITIONS,25235,4/14/2026 9:19:01 AM,b5d28558-1816-47d0-ba58-ef1da6e9c53c,2.0,,,,,,,,,,,,,,,,,,,,,,,,,,,,,"(-8.3, 1.2, -5.7)","(-8.4, 1.7, -5.8)","(-8.3, 1.2, -5.8)",
PLAYER_POSITIONS,25235,4/14/2026 9:19:01 AM,b5d28558-1816-47d0-ba58-ef1da6e9c53c,2.0,,,,,,,,,,,,,,,,,,,,,,,,,,,,,"(-8.3, 1.2, -5.7)","(-8.4, 1.7, -5.8)","(-8.3, 1.2, -5.8)",
PLAYER_POSITIONS,25756,4/14/2026 9:19:01 AM,b5d28558-1816-47d0-ba58-ef1da6e9c53c,2.0,,,,,,,,,,,,,,,,,,,,,,,,,,,,,"(-8.3, 1.2, -5.8)","(-8.4, 1.7, -5.9)","(-8.2, 1.2, -5.9)",
PLAYER_POSITIONS,25756,4/14/2026 9:19:01 AM,b5d28558-1816-47d0-ba58-ef1da6e9c53c,2.0,,,,,,,,,,,,,,,,,,,,,,,,,,,,,"(-8.3, 1.2, -5.8)","(-8.4, 1.7, -5.9)","(-8.2, 1.2, -5.9)",
PLAYER_POSITIONS,26304,4/14/2026 9:19:02 AM,b5d28558-1816-47d0-ba58-ef1da6e9c53c,2.0,,,,,,,,,,,,,,,,,,,,,,,,,,,,,"(-8.3, 1.2, -5.6)","(-8.4, 1.7, -5.8)","(-8.3, 1.2, -5.7)",
PLAYER_GAZE,26304,4/14/2026 9:19:02 AM,b5d28558-1816-47d0-ba58-ef1da6e9c53c,2.0,,,,,,,,,,,,,,,,,,US Military 5,,,,,,,,,"(-3.0, 1.7, -2.0)",,,"(-5.5, 0.0, -3.8)",
PLAYER_POSITIONS,26304,4/14/2026 9:19:02 AM,b5d28558-1816-47d0-ba58-ef1da6e9c53c,2.0,,,,,,,,,,,,,,,,,,,,,,,,,,,,,"(-8.3, 1.2, -5.6)","(-8.4, 1.7, -5.8)","(-8.3, 1.2, -5.7)",
PLAYER_GAZE,26304,4/14/2026 9:19:02 AM,b5d28558-1816-47d0-ba58-ef1da6e9c53c,2.0,,,,,,,,,,,,,,,,,,US Military 5,,,,,,,,,"(-3.0, 1.7, -2.0)",,,"(-5.5, 0.0, -3.8)",
PLAYER_POSITIONS,26799,4/14/2026 9:19:03 AM,b5d28558-1816-47d0-ba58-ef1da6e9c53c,2.0,,,,,,,,,,,,,,,,,,,,,,,,,,,,,"(-8.4, 1.2, -5.6)","(-8.5, 1.7, -5.8)","(-8.3, 1.2, -5.7)",
PLAYER_POSITIONS,26799,4/14/2026 9:19:03 AM,b5d28558-1816-47d0-ba58-ef1da6e9c53c,2.0,,,,,,,,,,,,,,,,,,,,,,,,,,,,,"(-8.4, 1.2, -5.6)","(-8.5, 1.7, -5.8)","(-8.3, 1.2, -5.7)",
PLAYER_POSITIONS,27322,4/14/2026 9:19:03 AM,b5d28558-1816-47d0-ba58-ef1da6e9c53c,2.0,,,,,,,,,,,,,,,,,,,,,,,,,,,,,"(-8.4, 1.2, -5.6)","(-8.5, 1.7, -5.8)","(-8.3, 1.2, -5.7)",
PLAYER_POSITIONS,27322,4/14/2026 9:19:03 AM,b5d28558-1816-47d0-ba58-ef1da6e9c53c,2.0,,,,,,,,,,,,,,,,,,,,,,,,,,,,,"(-8.4, 1.2, -5.6)","(-8.5, 1.7, -5.8)","(-8.3, 1.2, -5.7)",
PLAYER_POSITIONS,27825,4/14/2026 9:19:04 AM,b5d28558-1816-47d0-ba58-ef1da6e9c53c,2.0,,,,,,,,,,,,,,,,,,,,,,,,,,,,,"(-8.4, 1.2, -5.6)","(-8.5, 1.7, -5.8)","(-8.3, 1.2, -5.7)",
PLAYER_GAZE,27825,4/14/2026 9:19:04 AM,b5d28558-1816-47d0-ba58-ef1da6e9c53c,2.0,,,,,,,,,,,,,,,,,,US Military 5,,,,,,,,,"(-3.0, 1.7, -2.0)",,,"(-5.5, 0.0, -3.8)",
PLAYER_POSITIONS,27825,4/14/2026 9:19:04 AM,b5d28558-1816-47d0-ba58-ef1da6e9c53c,2.0,,,,,,,,,,,,,,,,,,,,,,,,,,,,,"(-8.4, 1.2, -5.6)","(-8.5, 1.7, -5.8)","(-8.3, 1.2, -5.7)",
PLAYER_GAZE,27825,4/14/2026 9:19:04 AM,b5d28558-1816-47d0-ba58-ef1da6e9c53c,2.0,,,,,,,,,,,,,,,,,,US Military 5,,,,,,,,,"(-3.0, 1.7, -2.0)",,,"(-5.5, 0.0, -3.8)",
PLAYER_POSITIONS,28322,4/14/2026 9:19:04 AM,b5d28558-1816-47d0-ba58-ef1da6e9c53c,2.0,,,,,,,,,,,,,,,,,,,,,,,,,,,,,"(-8.4, 1.2, -5.6)","(-8.4, 1.7, -5.8)","(-8.3, 1.2, -5.7)",
PLAYER_POSITIONS,28322,4/14/2026 9:19:04 AM,b5d28558-1816-47d0-ba58-ef1da6e9c53c,2.0,,,,,,,,,,,,,,,,,,,,,,,,,,,,,"(-8.4, 1.2, -5.6)","(-8.4, 1.7, -5.8)","(-8.3, 1.2, -5.7)",
PLAYER_POSITIONS,28833,4/14/2026 9:19:05 AM,b5d28558-1816-47d0-ba58-ef1da6e9c53c,2.0,,,,,,,,,,,,,,,,,,,,,,,,,,,,,"(-8.4, 1.2, -5.6)","(-8.4, 1.7, -5.8)","(-8.3, 1.2, -5.7)",
PLAYER_POSITIONS,28833,4/14/2026 9:19:05 AM,b5d28558-1816-47d0-ba58-ef1da6e9c53c,2.0,,,,,,,,,,,,,,,,,,,,,,,,,,,,,"(-8.4, 1.2, -5.6)","(-8.4, 1.7, -5.8)","(-8.3, 1.2, -5.7)",
PLAYER_POSITIONS,29353,4/14/2026 9:19:05 AM,b5d28558-1816-47d0-ba58-ef1da6e9c53c,2.0,,,,,,,,,,,,,,,,,,,,,,,,,,,,,"(-8.4, 1.2, -5.6)","(-8.4, 1.7, -5.8)","(-8.3, 1.2, -5.7)",
PLAYER_POSITIONS,29353,4/14/2026 9:19:05 AM,b5d28558-1816-47d0-ba58-ef1da6e9c53c,2.0,,,,,,,,,,,,,,,,,,,,,,,,,,,,,"(-8.4, 1.2, -5.6)","(-8.4, 1.7, -5.8)","(-8.3, 1.2, -5.7)",
PLAYER_POSITIONS,29867,4/14/2026 9:19:06 AM,b5d28558-1816-47d0-ba58-ef1da6e9c53c,2.0,,,,,,,,,,,,,,,,,,,,,,,,,,,,,"(-8.3, 1.2, -5.6)","(-8.4, 1.7, -5.8)","(-8.3, 1.2, -5.7)",
PLAYER_POSITIONS,29867,4/14/2026 9:19:06 AM,b5d28558-1816-47d0-ba58-ef1da6e9c53c,2.0,,,,,,,,,,,,,,,,,,,,,,,,,,,,,"(-8.3, 1.2, -5.6)","(-8.4, 1.7, -5.8)","(-8.3, 1.2, -5.7)",
PLAYER_POSITIONS,30360,4/14/2026 9:19:06 AM,b5d28558-1816-47d0-ba58-ef1da6e9c53c,2.0,,,,,,,,,,,,,,,,,,,,,,,,,,,,,"(-8.3, 1.2, -5.6)","(-8.4, 1.7, -5.8)","(-8.3, 1.2, -5.7)",
PLAYER_POSITIONS,30360,4/14/2026 9:19:06 AM,b5d28558-1816-47d0-ba58-ef1da6e9c53c,2.0,,,,,,,,,,,,,,,,,,,,,,,,,,,,,"(-8.3, 1.2, -5.6)","(-8.4, 1.7, -5.8)","(-8.3, 1.2, -5.7)",
PLAYER_POSITIONS,30882,4/14/2026 9:19:07 AM,b5d28558-1816-47d0-ba58-ef1da6e9c53c,2.0,,,,,,,,,,,,,,,,,,,,,,,,,,,,,"(-8.3, 1.2, -5.6)","(-8.4, 1.7, -5.8)","(-8.3, 1.2, -5.7)",
PLAYER_POSITIONS,30882,4/14/2026 9:19:07 AM,b5d28558-1816-47d0-ba58-ef1da6e9c53c,2.0,,,,,,,,,,,,,,,,,,,,,,,,,,,,,"(-8.3, 1.2, -5.6)","(-8.4, 1.7, -5.8)","(-8.3, 1.2, -5.7)",
PLAYER_POSITIONS,31389,4/14/2026 9:19:07 AM,b5d28558-1816-47d0-ba58-ef1da6e9c53c,2.0,,,,,,,,,,,,,,,,,,,,,,,,,,,,,"(-8.3, 1.2, -5.6)","(-8.4, 1.7, -5.8)","(-8.3, 1.2, -5.7)",
PLAYER_POSITIONS,31389,4/14/2026 9:19:07 AM,b5d28558-1816-47d0-ba58-ef1da6e9c53c,2.0,,,,,,,,,,,,,,,,,,,,,,,,,,,,,"(-8.3, 1.2, -5.6)","(-8.4, 1.7, -5.8)","(-8.3, 1.2, -5.7)",
PLAYER_POSITIONS,31911,4/14/2026 9:19:08 AM,b5d28558-1816-47d0-ba58-ef1da6e9c53c,2.0,,,,,,,,,,,,,,,,,,,,,,,,,,,,,"(-8.3, 1.2, -5.6)","(-8.4, 1.7, -5.8)","(-8.3, 1.2, -5.7)",
PLAYER_POSITIONS,31911,4/14/2026 9:19:08 AM,b5d28558-1816-47d0-ba58-ef1da6e9c53c,2.0,,,,,,,,,,,,,,,,,,,,,,,,,,,,,"(-8.3, 1.2, -5.6)","(-8.4, 1.7, -5.8)","(-8.3, 1.2, -5.7)",
PLAYER_POSITIONS,32430,4/14/2026 9:19:08 AM,b5d28558-1816-47d0-ba58-ef1da6e9c53c,2.0,,,,,,,,,,,,,,,,,,,,,,,,,,,,,"(-8.3, 1.2, -5.6)","(-8.4, 1.7, -5.8)","(-8.3, 1.2, -5.7)",
PLAYER_GAZE,32430,4/14/2026 9:19:08 AM,b5d28558-1816-47d0-ba58-ef1da6e9c53c,2.0,,,,,,,,,,,,,,,,,,US Military 5,,,,,,,,,"(-3.0, 1.7, -2.0)",,,"(-5.5, 0.0, -3.8)",
PLAYER_POSITIONS,32430,4/14/2026 9:19:08 AM,b5d28558-1816-47d0-ba58-ef1da6e9c53c,2.0,,,,,,,,,,,,,,,,,,,,,,,,,,,,,"(-8.3, 1.2, -5.6)","(-8.4, 1.7, -5.8)","(-8.3, 1.2, -5.7)",
PLAYER_GAZE,32430,4/14/2026 9:19:08 AM,b5d28558-1816-47d0-ba58-ef1da6e9c53c,2.0,,,,,,,,,,,,,,,,,,US Military 5,,,,,,,,,"(-3.0, 1.7, -2.0)",,,"(-5.5, 0.0, -3.8)",
PLAYER_POSITIONS,32967,4/14/2026 9:19:09 AM,b5d28558-1816-47d0-ba58-ef1da6e9c53c,2.0,,,,,,,,,,,,,,,,,,,,,,,,,,,,,"(-8.3, 1.2, -5.6)","(-8.5, 1.7, -5.8)","(-8.3, 1.2, -5.7)",
PLAYER_POSITIONS,32967,4/14/2026 9:19:09 AM,b5d28558-1816-47d0-ba58-ef1da6e9c53c,2.0,,,,,,,,,,,,,,,,,,,,,,,,,,,,,"(-8.3, 1.2, -5.6)","(-8.5, 1.7, -5.8)","(-8.3, 1.2, -5.7)",
PLAYER_POSITIONS,33470,4/14/2026 9:19:09 AM,b5d28558-1816-47d0-ba58-ef1da6e9c53c,2.0,,,,,,,,,,,,,,,,,,,,,,,,,,,,,"(-8.4, 1.2, -5.6)","(-8.5, 1.7, -5.8)","(-8.3, 1.2, -5.7)",
PLAYER_GAZE,33470,4/14/2026 9:19:09 AM,b5d28558-1816-47d0-ba58-ef1da6e9c53c,2.0,,,,,,,,,,,,,,,,,,US Military 5,,,,,,,,,"(-3.0, 1.7, -2.0)",,,"(-5.5, 0.0, -3.8)",
PLAYER_POSITIONS,33470,4/14/2026 9:19:09 AM,b5d28558-1816-47d0-ba58-ef1da6e9c53c,2.0,,,,,,,,,,,,,,,,,,,,,,,,,,,,,"(-8.4, 1.2, -5.6)","(-8.5, 1.7, -5.8)","(-8.3, 1.2, -5.7)",
PLAYER_GAZE,33470,4/14/2026 9:19:09 AM,b5d28558-1816-47d0-ba58-ef1da6e9c53c,2.0,,,,,,,,,,,,,,,,,,US Military 5,,,,,,,,,"(-3.0, 1.7, -2.0)",,,"(-5.5, 0.0, -3.8)",
PLAYER_POSITIONS,34005,4/14/2026 9:19:10 AM,b5d28558-1816-47d0-ba58-ef1da6e9c53c,2.0,,,,,,,,,,,,,,,,,,,,,,,,,,,,,"(-8.4, 1.2, -5.6)","(-8.5, 1.7, -5.8)","(-8.3, 1.2, -5.7)",
PLAYER_GAZE,34005,4/14/2026 9:19:10 AM,b5d28558-1816-47d0-ba58-ef1da6e9c53c,2.0,,,,,,,,,,,,,,,,,,US Military 5,,,,,,,,,"(-3.0, 1.7, -2.0)",,,"(-5.5, 0.0, -3.8)",
PLAYER_POSITIONS,34005,4/14/2026 9:19:10 AM,b5d28558-1816-47d0-ba58-ef1da6e9c53c,2.0,,,,,,,,,,,,,,,,,,,,,,,,,,,,,"(-8.4, 1.2, -5.6)","(-8.5, 1.7, -5.8)","(-8.3, 1.2, -5.7)",
PLAYER_GAZE,34005,4/14/2026 9:19:10 AM,b5d28558-1816-47d0-ba58-ef1da6e9c53c,2.0,,,,,,,,,,,,,,,,,,US Military 5,,,,,,,,,"(-3.0, 1.7, -2.0)",,,"(-5.5, 0.0, -3.8)",
PLAYER_POSITIONS,34508,4/14/2026 9:19:10 AM,b5d28558-1816-47d0-ba58-ef1da6e9c53c,2.0,,,,,,,,,,,,,,,,,,,,,,,,,,,,,"(-8.4, 1.2, -5.6)","(-8.5, 1.7, -5.8)","(-8.3, 1.2, -5.7)",
PLAYER_GAZE,34508,4/14/2026 9:19:10 AM,b5d28558-1816-47d0-ba58-ef1da6e9c53c,2.0,,,,,,,,,,,,,,,,,,US Military 5,,,,,,,,,"(-3.0, 1.7, -2.0)",,,"(-5.5, 0.0, -3.8)",
PLAYER_POSITIONS,34508,4/14/2026 9:19:10 AM,b5d28558-1816-47d0-ba58-ef1da6e9c53c,2.0,,,,,,,,,,,,,,,,,,,,,,,,,,,,,"(-8.4, 1.2, -5.6)","(-8.5, 1.7, -5.8)","(-8.3, 1.2, -5.7)",
PLAYER_GAZE,34508,4/14/2026 9:19:10 AM,b5d28558-1816-47d0-ba58-ef1da6e9c53c,2.0,,,,,,,,,,,,,,,,,,US Military 5,,,,,,,,,"(-3.0, 1.7, -2.0)",,,"(-5.5, 0.0, -3.8)",
PLAYER_POSITIONS,35025,4/14/2026 9:19:11 AM,b5d28558-1816-47d0-ba58-ef1da6e9c53c,2.0,,,,,,,,,,,,,,,,,,,,,,,,,,,,,"(-8.4, 1.2, -5.6)","(-8.5, 1.7, -5.8)","(-8.3, 1.2, -5.7)",
PLAYER_POSITIONS,35025,4/14/2026 9:19:11 AM,b5d28558-1816-47d0-ba58-ef1da6e9c53c,2.0,,,,,,,,,,,,,,,,,,,,,,,,,,,,,"(-8.4, 1.2, -5.6)","(-8.5, 1.7, -5.8)","(-8.3, 1.2, -5.7)",
VOICE_CAPTURE,35362,4/14/2026 9:19:11 AM,b5d28558-1816-47d0-ba58-ef1da6e9c53c,2.0,,,,,,,,,,,,,,,,,,,,,,,,,,,,,,,,,,,,,,,,,,,NA,"Um, I don't, I only see you right now. I only see you right now. Am I supposed to click something?",
PLAYER_POSITIONS,35525,4/14/2026 9:19:11 AM,b5d28558-1816-47d0-ba58-ef1da6e9c53c,2.0,,,,,,,,,,,,,,,,,,,,,,,,,,,,,"(-8.4, 1.2, -5.6)","(-8.5, 1.7, -5.8)","(-8.3, 1.2, -5.7)",
PLAYER_GAZE,35525,4/14/2026 9:19:11 AM,b5d28558-1816-47d0-ba58-ef1da6e9c53c,2.0,,,,,,,,,,,,,,,,,,US Military 5,,,,,,,,,"(-3.0, 1.7, -2.0)",,,"(-5.5, 0.0, -3.8)",
PLAYER_POSITIONS,35525,4/14/2026 9:19:11 AM,b5d28558-1816-47d0-ba58-ef1da6e9c53c,2.0,,,,,,,,,,,,,,,,,,,,,,,,,,,,,"(-8.4, 1.2, -5.6)","(-8.5, 1.7, -5.8)","(-8.3, 1.2, -5.7)",
PLAYER_GAZE,35525,4/14/2026 9:19:11 AM,b5d28558-1816-47d0-ba58-ef1da6e9c53c,2.0,,,,,,,,,,,,,,,,,,US Military 5,,,,,,,,,"(-3.0, 1.7, -2.0)",,,"(-5.5, 0.0, -3.8)",
Participant ID, 202604107
