EventName,ElapsedTime,Timestamp,SessionID,Version,ButtonClickMessage,CurrentDurationEngaged,DragStartPosition,DragStopPosition,InjuryBodyRegion,InjuryName,InjuryPosition,InjuryRequiredProcedure,InjuryRequiredTreatmentCount,InjuryRequiredTreatmentsApplied,InjurySeverity,InjuryTreatedWithCorrectTreatment,InjuryTreatmentComplete,PatientBreathing,PatientHealthLevel,PatientHealthTimeRemaining,PatientHearing,PatientID,PatientMood,PatientPose,PatientPosition,PatientPulse,PatientRotation,PatientSpO2,PatientTriageLevel,PatientTriageSort,PlayerDirection,PlayerDistanceFromPatient,PlayerLeftHandPosition,PlayerPosition,PlayerRightHandPosition,TagType,TeleportPosition,ToolAttachMessage,ToolAttachParent,ToolCount,ToolMessageSender,ToolType,TotalDurationEngaged,TriageSortCommand,VoiceCaptureCommandDescription,VoiceCaptureMessage,
SESSION_START,2,9/7/2025 11:39:25 AM,eacb2c87-4a3a-4ca1-bbe7-9f8f31167e8c,2.0,
PATIENT_RECORD,3,9/7/2025 11:39:25 AM,eacb2c87-4a3a-4ca1-bbe7-9f8f31167e8c,2.0,,,,,,,,,,,,,,collapsedLeft,100,128,normal,Patient 1,unresponsive,supine,"(-8.6, 0.0, -30.0)",faint,"(0.0, 1.0, 0.0, 0.0)",normal,IMMEDIATE,still,
INJURY_RECORD,4,9/7/2025 11:39:25 AM,eacb2c87-4a3a-4ca1-bbe7-9f8f31167e8c,2.0,,,,,chest,L Chest Collapse,"(0.0, 0.0, 0.0)",decompressionNeedle,1,0,high,False,False,,,,,Patient 1,
PATIENT_RECORD,4,9/7/2025 11:39:25 AM,eacb2c87-4a3a-4ca1-bbe7-9f8f31167e8c,2.0,,,,,,,,,,,,,,normal,100,Infinity,normal,Patient 2,agony,sittingGround,"(-11.5, 0.0, -27.3)",fast,"(0.0, 0.5, 0.0, 0.8)",normal,DELAYED,waver,
INJURY_RECORD,4,9/7/2025 11:39:25 AM,eacb2c87-4a3a-4ca1-bbe7-9f8f31167e8c,2.0,,,,,leftArm,L Forearm Burn,"(-11.6, 1.3, -26.8)",burnDressing,1,0,medium,False,False,,,,,Patient 2,
INJURY_RECORD,4,9/7/2025 11:39:25 AM,eacb2c87-4a3a-4ca1-bbe7-9f8f31167e8c,2.0,,,,,rightArm,R Forearm Puncture,"(-11.2, 1.3, -27.7)",tourniquet,1,0,medium,False,False,,,,,Patient 2,
PATIENT_RECORD,4,9/7/2025 11:39:25 AM,eacb2c87-4a3a-4ca1-bbe7-9f8f31167e8c,2.0,,,,,,,,,,,,,,normal,100,Infinity,normal,Patient 4,calm,fetal,"(-7.9, 0.0, -27.0)",normal,"(0.0, 0.7, 0.0, 0.7)",normal,MINIMAL,walker,
INJURY_RECORD,4,9/7/2025 11:39:25 AM,eacb2c87-4a3a-4ca1-bbe7-9f8f31167e8c,2.0,,,,,leftArm,L Forearm Laceration,"(-8.0, 1.3, -26.5)",gauzeWrap,1,0,low,False,False,,,,,Patient 4,
PATIENT_RECORD,4,9/7/2025 11:39:25 AM,eacb2c87-4a3a-4ca1-bbe7-9f8f31167e8c,2.0,,,,,,,,,,,,,,normal,100,128,normal,Lifting NPC,calm,standing,"(-13.0, 0.0, -22.0)",normal,"(0.0, 0.0, 0.0, 1.0)",normal,DELAYED,waver,
PATIENT_RECORD,4,9/7/2025 11:39:25 AM,eacb2c87-4a3a-4ca1-bbe7-9f8f31167e8c,2.0,,,,,,,,,,,,,,fast,100,Infinity,normal,Patient 3,agony,supine,"(-13.0, 0.0, -22.0)",fast,"(0.0, 0.0, 0.0, 1.0)",normal,IMMEDIATE,still,
INJURY_RECORD,4,9/7/2025 11:39:25 AM,eacb2c87-4a3a-4ca1-bbe7-9f8f31167e8c,2.0,,,,,head,Forehead Scrape,"(-13.1, 1.7, -22.0)",gauzeWrap,1,0,low,False,False,,,,,Patient 3,
INJURY_RECORD,4,9/7/2025 11:39:25 AM,eacb2c87-4a3a-4ca1-bbe7-9f8f31167e8c,2.0,,,,,chest,R Shoulder Puncture,"(-12.9, 1.5, -22.0)",woundpack,1,0,medium,False,False,,,,,Patient 3,
INJURY_RECORD,4,9/7/2025 11:39:25 AM,eacb2c87-4a3a-4ca1-bbe7-9f8f31167e8c,2.0,,,,,leftLeg,L Thigh Amputation,"(-13.1, 0.7, -22.0)",tourniquet,1,0,high,False,False,,,,,Patient 3,
PLAYER_POSITIONS,360,9/7/2025 11:39:25 AM,eacb2c87-4a3a-4ca1-bbe7-9f8f31167e8c,2.0,,,,,,,,,,,,,,,,,,,,,,,,,,,,,"(1.1, 1.2, -28.5)","(1.2, 1.6, -28.5)","(1.1, 1.2, -28.5)",
PLAYER_POSITIONS,360,9/7/2025 11:39:25 AM,eacb2c87-4a3a-4ca1-bbe7-9f8f31167e8c,2.0,,,,,,,,,,,,,,,,,,,,,,,,,,,,,"(1.1, 1.2, -28.5)","(1.2, 1.6, -28.5)","(1.1, 1.2, -28.5)",
PLAYER_POSITIONS,860,9/7/2025 11:39:26 AM,eacb2c87-4a3a-4ca1-bbe7-9f8f31167e8c,2.0,,,,,,,,,,,,,,,,,,,,,,,,,,,,,"(1.1, 1.2, -28.5)","(1.2, 1.6, -28.5)","(1.1, 1.2, -28.5)",
PLAYER_POSITIONS,860,9/7/2025 11:39:26 AM,eacb2c87-4a3a-4ca1-bbe7-9f8f31167e8c,2.0,,,,,,,,,,,,,,,,,,,,,,,,,,,,,"(1.1, 1.2, -28.5)","(1.2, 1.6, -28.5)","(1.1, 1.2, -28.5)",
PLAYER_POSITIONS,1370,9/7/2025 11:39:26 AM,eacb2c87-4a3a-4ca1-bbe7-9f8f31167e8c,2.0,,,,,,,,,,,,,,,,,,,,,,,,,,,,,"(1.1, 1.2, -28.5)","(1.2, 1.6, -28.5)","(1.1, 1.2, -28.5)",
PLAYER_POSITIONS,1370,9/7/2025 11:39:26 AM,eacb2c87-4a3a-4ca1-bbe7-9f8f31167e8c,2.0,,,,,,,,,,,,,,,,,,,,,,,,,,,,,"(1.1, 1.2, -28.5)","(1.2, 1.6, -28.5)","(1.1, 1.2, -28.5)",
PLAYER_POSITIONS,1871,9/7/2025 11:39:27 AM,eacb2c87-4a3a-4ca1-bbe7-9f8f31167e8c,2.0,,,,,,,,,,,,,,,,,,,,,,,,,,,,,"(1.1, 1.2, -28.5)","(1.2, 1.6, -28.5)","(1.1, 1.2, -28.5)",
PLAYER_POSITIONS,1871,9/7/2025 11:39:27 AM,eacb2c87-4a3a-4ca1-bbe7-9f8f31167e8c,2.0,,,,,,,,,,,,,,,,,,,,,,,,,,,,,"(1.1, 1.2, -28.5)","(1.2, 1.6, -28.5)","(1.1, 1.2, -28.5)",
PLAYER_POSITIONS,2372,9/7/2025 11:39:27 AM,eacb2c87-4a3a-4ca1-bbe7-9f8f31167e8c,2.0,,,,,,,,,,,,,,,,,,,,,,,,,,,,,"(1.1, 1.2, -28.5)","(1.2, 1.6, -28.5)","(1.1, 1.2, -28.5)",
PLAYER_POSITIONS,2372,9/7/2025 11:39:27 AM,eacb2c87-4a3a-4ca1-bbe7-9f8f31167e8c,2.0,,,,,,,,,,,,,,,,,,,,,,,,,,,,,"(1.1, 1.2, -28.5)","(1.2, 1.6, -28.5)","(1.1, 1.2, -28.5)",
PLAYER_POSITIONS,2872,9/7/2025 11:39:28 AM,eacb2c87-4a3a-4ca1-bbe7-9f8f31167e8c,2.0,,,,,,,,,,,,,,,,,,,,,,,,,,,,,"(1.1, 1.2, -28.5)","(1.2, 1.6, -28.5)","(1.1, 1.2, -28.5)",
PLAYER_POSITIONS,2872,9/7/2025 11:39:28 AM,eacb2c87-4a3a-4ca1-bbe7-9f8f31167e8c,2.0,,,,,,,,,,,,,,,,,,,,,,,,,,,,,"(1.1, 1.2, -28.5)","(1.2, 1.6, -28.5)","(1.1, 1.2, -28.5)",
PLAYER_POSITIONS,3384,9/7/2025 11:39:28 AM,eacb2c87-4a3a-4ca1-bbe7-9f8f31167e8c,2.0,,,,,,,,,,,,,,,,,,,,,,,,,,,,,"(1.1, 1.2, -28.5)","(1.2, 1.6, -28.5)","(1.1, 1.2, -28.5)",
PLAYER_POSITIONS,3384,9/7/2025 11:39:28 AM,eacb2c87-4a3a-4ca1-bbe7-9f8f31167e8c,2.0,,,,,,,,,,,,,,,,,,,,,,,,,,,,,"(1.1, 1.2, -28.5)","(1.2, 1.6, -28.5)","(1.1, 1.2, -28.5)",
PLAYER_POSITIONS,3895,9/7/2025 11:39:29 AM,eacb2c87-4a3a-4ca1-bbe7-9f8f31167e8c,2.0,,,,,,,,,,,,,,,,,,,,,,,,,,,,,"(1.1, 1.2, -28.5)","(1.2, 1.6, -28.5)","(1.1, 1.2, -28.5)",
PLAYER_POSITIONS,3895,9/7/2025 11:39:29 AM,eacb2c87-4a3a-4ca1-bbe7-9f8f31167e8c,2.0,,,,,,,,,,,,,,,,,,,,,,,,,,,,,"(1.1, 1.2, -28.5)","(1.2, 1.6, -28.5)","(1.1, 1.2, -28.5)",
PLAYER_POSITIONS,4396,9/7/2025 11:39:29 AM,eacb2c87-4a3a-4ca1-bbe7-9f8f31167e8c,2.0,,,,,,,,,,,,,,,,,,,,,,,,,,,,,"(1.1, 1.2, -28.5)","(1.2, 1.6, -28.5)","(1.1, 1.2, -28.5)",
PLAYER_POSITIONS,4396,9/7/2025 11:39:29 AM,eacb2c87-4a3a-4ca1-bbe7-9f8f31167e8c,2.0,,,,,,,,,,,,,,,,,,,,,,,,,,,,,"(1.1, 1.2, -28.5)","(1.2, 1.6, -28.5)","(1.1, 1.2, -28.5)",
PLAYER_POSITIONS,4905,9/7/2025 11:39:30 AM,eacb2c87-4a3a-4ca1-bbe7-9f8f31167e8c,2.0,,,,,,,,,,,,,,,,,,,,,,,,,,,,,"(1.1, 1.2, -28.5)","(1.2, 1.6, -28.5)","(1.1, 1.2, -28.5)",
PLAYER_POSITIONS,4905,9/7/2025 11:39:30 AM,eacb2c87-4a3a-4ca1-bbe7-9f8f31167e8c,2.0,,,,,,,,,,,,,,,,,,,,,,,,,,,,,"(1.1, 1.2, -28.5)","(1.2, 1.6, -28.5)","(1.1, 1.2, -28.5)",
PLAYER_POSITIONS,5416,9/7/2025 11:39:30 AM,eacb2c87-4a3a-4ca1-bbe7-9f8f31167e8c,2.0,,,,,,,,,,,,,,,,,,,,,,,,,,,,,"(1.1, 1.2, -28.5)","(1.2, 1.6, -28.5)","(1.1, 1.2, -28.5)",
PLAYER_POSITIONS,5416,9/7/2025 11:39:30 AM,eacb2c87-4a3a-4ca1-bbe7-9f8f31167e8c,2.0,,,,,,,,,,,,,,,,,,,,,,,,,,,,,"(1.1, 1.2, -28.5)","(1.2, 1.6, -28.5)","(1.1, 1.2, -28.5)",
PLAYER_POSITIONS,5916,9/7/2025 11:39:31 AM,eacb2c87-4a3a-4ca1-bbe7-9f8f31167e8c,2.0,,,,,,,,,,,,,,,,,,,,,,,,,,,,,"(1.1, 1.2, -28.5)","(1.2, 1.6, -28.5)","(1.1, 1.2, -28.5)",
PLAYER_POSITIONS,5916,9/7/2025 11:39:31 AM,eacb2c87-4a3a-4ca1-bbe7-9f8f31167e8c,2.0,,,,,,,,,,,,,,,,,,,,,,,,,,,,,"(1.1, 1.2, -28.5)","(1.2, 1.6, -28.5)","(1.1, 1.2, -28.5)",
PLAYER_POSITIONS,6417,9/7/2025 11:39:31 AM,eacb2c87-4a3a-4ca1-bbe7-9f8f31167e8c,2.0,,,,,,,,,,,,,,,,,,,,,,,,,,,,,"(1.1, 1.2, -28.6)","(1.2, 1.6, -28.5)","(1.1, 1.2, -28.5)",
PLAYER_POSITIONS,6417,9/7/2025 11:39:31 AM,eacb2c87-4a3a-4ca1-bbe7-9f8f31167e8c,2.0,,,,,,,,,,,,,,,,,,,,,,,,,,,,,"(1.1, 1.2, -28.6)","(1.2, 1.6, -28.5)","(1.1, 1.2, -28.5)",
PLAYER_POSITIONS,6918,9/7/2025 11:39:32 AM,eacb2c87-4a3a-4ca1-bbe7-9f8f31167e8c,2.0,,,,,,,,,,,,,,,,,,,,,,,,,,,,,"(1.1, 1.2, -28.6)","(1.2, 1.6, -28.5)","(1.1, 1.2, -28.5)",
PLAYER_POSITIONS,6918,9/7/2025 11:39:32 AM,eacb2c87-4a3a-4ca1-bbe7-9f8f31167e8c,2.0,,,,,,,,,,,,,,,,,,,,,,,,,,,,,"(1.1, 1.2, -28.6)","(1.2, 1.6, -28.5)","(1.1, 1.2, -28.5)",
PLAYER_POSITIONS,7428,9/7/2025 11:39:32 AM,eacb2c87-4a3a-4ca1-bbe7-9f8f31167e8c,2.0,,,,,,,,,,,,,,,,,,,,,,,,,,,,,"(1.1, 1.2, -28.6)","(1.2, 1.6, -28.5)","(1.1, 1.2, -28.5)",
PLAYER_POSITIONS,7428,9/7/2025 11:39:32 AM,eacb2c87-4a3a-4ca1-bbe7-9f8f31167e8c,2.0,,,,,,,,,,,,,,,,,,,,,,,,,,,,,"(1.1, 1.2, -28.6)","(1.2, 1.6, -28.5)","(1.1, 1.2, -28.5)",
PLAYER_POSITIONS,7929,9/7/2025 11:39:33 AM,eacb2c87-4a3a-4ca1-bbe7-9f8f31167e8c,2.0,,,,,,,,,,,,,,,,,,,,,,,,,,,,,"(1.1, 1.2, -28.6)","(1.2, 1.6, -28.5)","(1.1, 1.2, -28.5)",
PLAYER_POSITIONS,7929,9/7/2025 11:39:33 AM,eacb2c87-4a3a-4ca1-bbe7-9f8f31167e8c,2.0,,,,,,,,,,,,,,,,,,,,,,,,,,,,,"(1.1, 1.2, -28.6)","(1.2, 1.6, -28.5)","(1.1, 1.2, -28.5)",
PLAYER_POSITIONS,8428,9/7/2025 11:39:33 AM,eacb2c87-4a3a-4ca1-bbe7-9f8f31167e8c,2.0,,,,,,,,,,,,,,,,,,,,,,,,,,,,,"(1.1, 1.2, -28.6)","(1.2, 1.6, -28.5)","(1.1, 1.2, -28.5)",
PLAYER_POSITIONS,8428,9/7/2025 11:39:33 AM,eacb2c87-4a3a-4ca1-bbe7-9f8f31167e8c,2.0,,,,,,,,,,,,,,,,,,,,,,,,,,,,,"(1.1, 1.2, -28.6)","(1.2, 1.6, -28.5)","(1.1, 1.2, -28.5)",
PLAYER_POSITIONS,8940,9/7/2025 11:39:34 AM,eacb2c87-4a3a-4ca1-bbe7-9f8f31167e8c,2.0,,,,,,,,,,,,,,,,,,,,,,,,,,,,,"(1.1, 1.2, -28.6)","(1.2, 1.6, -28.5)","(1.1, 1.2, -28.5)",
PLAYER_POSITIONS,8940,9/7/2025 11:39:34 AM,eacb2c87-4a3a-4ca1-bbe7-9f8f31167e8c,2.0,,,,,,,,,,,,,,,,,,,,,,,,,,,,,"(1.1, 1.2, -28.6)","(1.2, 1.6, -28.5)","(1.1, 1.2, -28.5)",
PLAYER_POSITIONS,9440,9/7/2025 11:39:34 AM,eacb2c87-4a3a-4ca1-bbe7-9f8f31167e8c,2.0,,,,,,,,,,,,,,,,,,,,,,,,,,,,,"(1.1, 1.2, -28.6)","(1.2, 1.6, -28.5)","(1.1, 1.2, -28.5)",
PLAYER_POSITIONS,9440,9/7/2025 11:39:34 AM,eacb2c87-4a3a-4ca1-bbe7-9f8f31167e8c,2.0,,,,,,,,,,,,,,,,,,,,,,,,,,,,,"(1.1, 1.2, -28.6)","(1.2, 1.6, -28.5)","(1.1, 1.2, -28.5)",
PLAYER_POSITIONS,9951,9/7/2025 11:39:35 AM,eacb2c87-4a3a-4ca1-bbe7-9f8f31167e8c,2.0,,,,,,,,,,,,,,,,,,,,,,,,,,,,,"(1.1, 1.2, -28.6)","(1.2, 1.6, -28.5)","(1.1, 1.2, -28.5)",
PLAYER_POSITIONS,9951,9/7/2025 11:39:35 AM,eacb2c87-4a3a-4ca1-bbe7-9f8f31167e8c,2.0,,,,,,,,,,,,,,,,,,,,,,,,,,,,,"(1.1, 1.2, -28.6)","(1.2, 1.6, -28.5)","(1.1, 1.2, -28.5)",
PLAYER_POSITIONS,10461,9/7/2025 11:39:35 AM,eacb2c87-4a3a-4ca1-bbe7-9f8f31167e8c,2.0,,,,,,,,,,,,,,,,,,,,,,,,,,,,,"(1.1, 1.2, -28.6)","(1.2, 1.6, -28.5)","(1.1, 1.2, -28.5)",
PLAYER_POSITIONS,10461,9/7/2025 11:39:35 AM,eacb2c87-4a3a-4ca1-bbe7-9f8f31167e8c,2.0,,,,,,,,,,,,,,,,,,,,,,,,,,,,,"(1.1, 1.2, -28.6)","(1.2, 1.6, -28.5)","(1.1, 1.2, -28.5)",
PLAYER_POSITIONS,10961,9/7/2025 11:39:36 AM,eacb2c87-4a3a-4ca1-bbe7-9f8f31167e8c,2.0,,,,,,,,,,,,,,,,,,,,,,,,,,,,,"(1.1, 1.2, -28.5)","(1.2, 1.6, -28.5)","(1.1, 1.2, -28.5)",
PLAYER_POSITIONS,10961,9/7/2025 11:39:36 AM,eacb2c87-4a3a-4ca1-bbe7-9f8f31167e8c,2.0,,,,,,,,,,,,,,,,,,,,,,,,,,,,,"(1.1, 1.2, -28.5)","(1.2, 1.6, -28.5)","(1.1, 1.2, -28.5)",
PLAYER_POSITIONS,11462,9/7/2025 11:39:36 AM,eacb2c87-4a3a-4ca1-bbe7-9f8f31167e8c,2.0,,,,,,,,,,,,,,,,,,,,,,,,,,,,,"(1.1, 1.2, -28.5)","(1.2, 1.6, -28.5)","(1.1, 1.2, -28.5)",
PLAYER_POSITIONS,11462,9/7/2025 11:39:36 AM,eacb2c87-4a3a-4ca1-bbe7-9f8f31167e8c,2.0,,,,,,,,,,,,,,,,,,,,,,,,,,,,,"(1.1, 1.2, -28.5)","(1.2, 1.6, -28.5)","(1.1, 1.2, -28.5)",
PLAYER_POSITIONS,11972,9/7/2025 11:39:37 AM,eacb2c87-4a3a-4ca1-bbe7-9f8f31167e8c,2.0,,,,,,,,,,,,,,,,,,,,,,,,,,,,,"(1.1, 1.2, -28.6)","(1.2, 1.6, -28.5)","(1.1, 1.2, -28.5)",
PLAYER_POSITIONS,11972,9/7/2025 11:39:37 AM,eacb2c87-4a3a-4ca1-bbe7-9f8f31167e8c,2.0,,,,,,,,,,,,,,,,,,,,,,,,,,,,,"(1.1, 1.2, -28.6)","(1.2, 1.6, -28.5)","(1.1, 1.2, -28.5)",
PLAYER_POSITIONS,12472,9/7/2025 11:39:37 AM,eacb2c87-4a3a-4ca1-bbe7-9f8f31167e8c,2.0,,,,,,,,,,,,,,,,,,,,,,,,,,,,,"(1.1, 1.2, -28.6)","(1.2, 1.6, -28.5)","(1.1, 1.2, -28.5)",
PLAYER_POSITIONS,12472,9/7/2025 11:39:37 AM,eacb2c87-4a3a-4ca1-bbe7-9f8f31167e8c,2.0,,,,,,,,,,,,,,,,,,,,,,,,,,,,,"(1.1, 1.2, -28.6)","(1.2, 1.6, -28.5)","(1.1, 1.2, -28.5)",
PLAYER_POSITIONS,12983,9/7/2025 11:39:38 AM,eacb2c87-4a3a-4ca1-bbe7-9f8f31167e8c,2.0,,,,,,,,,,,,,,,,,,,,,,,,,,,,,"(1.1, 1.2, -28.6)","(1.2, 1.6, -28.5)","(1.1, 1.2, -28.5)",
PLAYER_POSITIONS,12983,9/7/2025 11:39:38 AM,eacb2c87-4a3a-4ca1-bbe7-9f8f31167e8c,2.0,,,,,,,,,,,,,,,,,,,,,,,,,,,,,"(1.1, 1.2, -28.6)","(1.2, 1.6, -28.5)","(1.1, 1.2, -28.5)",
PLAYER_POSITIONS,13495,9/7/2025 11:39:38 AM,eacb2c87-4a3a-4ca1-bbe7-9f8f31167e8c,2.0,,,,,,,,,,,,,,,,,,,,,,,,,,,,,"(1.1, 1.2, -28.6)","(1.2, 1.6, -28.5)","(1.1, 1.2, -28.5)",
PLAYER_POSITIONS,13495,9/7/2025 11:39:38 AM,eacb2c87-4a3a-4ca1-bbe7-9f8f31167e8c,2.0,,,,,,,,,,,,,,,,,,,,,,,,,,,,,"(1.1, 1.2, -28.6)","(1.2, 1.6, -28.5)","(1.1, 1.2, -28.5)",
PLAYER_POSITIONS,13994,9/7/2025 11:39:39 AM,eacb2c87-4a3a-4ca1-bbe7-9f8f31167e8c,2.0,,,,,,,,,,,,,,,,,,,,,,,,,,,,,"(1.1, 1.2, -28.6)","(1.2, 1.6, -28.5)","(1.1, 1.2, -28.5)",
PLAYER_POSITIONS,13994,9/7/2025 11:39:39 AM,eacb2c87-4a3a-4ca1-bbe7-9f8f31167e8c,2.0,,,,,,,,,,,,,,,,,,,,,,,,,,,,,"(1.1, 1.2, -28.6)","(1.2, 1.6, -28.5)","(1.1, 1.2, -28.5)",
PLAYER_POSITIONS,14504,9/7/2025 11:39:39 AM,eacb2c87-4a3a-4ca1-bbe7-9f8f31167e8c,2.0,,,,,,,,,,,,,,,,,,,,,,,,,,,,,"(1.1, 1.2, -28.6)","(1.2, 1.6, -28.5)","(1.1, 1.2, -28.5)",
PLAYER_POSITIONS,14504,9/7/2025 11:39:39 AM,eacb2c87-4a3a-4ca1-bbe7-9f8f31167e8c,2.0,,,,,,,,,,,,,,,,,,,,,,,,,,,,,"(1.1, 1.2, -28.6)","(1.2, 1.6, -28.5)","(1.1, 1.2, -28.5)",
PLAYER_POSITIONS,15007,9/7/2025 11:39:40 AM,eacb2c87-4a3a-4ca1-bbe7-9f8f31167e8c,2.0,,,,,,,,,,,,,,,,,,,,,,,,,,,,,"(1.1, 1.2, -28.6)","(1.2, 1.6, -28.5)","(1.1, 1.2, -28.5)",
PLAYER_POSITIONS,15007,9/7/2025 11:39:40 AM,eacb2c87-4a3a-4ca1-bbe7-9f8f31167e8c,2.0,,,,,,,,,,,,,,,,,,,,,,,,,,,,,"(1.1, 1.2, -28.6)","(1.2, 1.6, -28.5)","(1.1, 1.2, -28.5)",
PLAYER_POSITIONS,15517,9/7/2025 11:39:40 AM,eacb2c87-4a3a-4ca1-bbe7-9f8f31167e8c,2.0,,,,,,,,,,,,,,,,,,,,,,,,,,,,,"(1.1, 1.2, -28.6)","(1.2, 1.6, -28.5)","(1.1, 1.2, -28.5)",
PLAYER_POSITIONS,15517,9/7/2025 11:39:40 AM,eacb2c87-4a3a-4ca1-bbe7-9f8f31167e8c,2.0,,,,,,,,,,,,,,,,,,,,,,,,,,,,,"(1.1, 1.2, -28.6)","(1.2, 1.6, -28.5)","(1.1, 1.2, -28.5)",
PLAYER_POSITIONS,16022,9/7/2025 11:39:41 AM,eacb2c87-4a3a-4ca1-bbe7-9f8f31167e8c,2.0,,,,,,,,,,,,,,,,,,,,,,,,,,,,,"(1.1, 1.2, -28.6)","(1.2, 1.6, -28.6)","(1.1, 1.2, -28.5)",
PLAYER_POSITIONS,16022,9/7/2025 11:39:41 AM,eacb2c87-4a3a-4ca1-bbe7-9f8f31167e8c,2.0,,,,,,,,,,,,,,,,,,,,,,,,,,,,,"(1.1, 1.2, -28.6)","(1.2, 1.6, -28.6)","(1.1, 1.2, -28.5)",
PLAYER_POSITIONS,16528,9/7/2025 11:39:41 AM,eacb2c87-4a3a-4ca1-bbe7-9f8f31167e8c,2.0,,,,,,,,,,,,,,,,,,,,,,,,,,,,,"(1.1, 1.3, -28.6)","(1.2, 1.6, -28.6)","(1.1, 1.2, -28.5)",
PLAYER_POSITIONS,16528,9/7/2025 11:39:41 AM,eacb2c87-4a3a-4ca1-bbe7-9f8f31167e8c,2.0,,,,,,,,,,,,,,,,,,,,,,,,,,,,,"(1.1, 1.3, -28.6)","(1.2, 1.6, -28.6)","(1.1, 1.2, -28.5)",
PLAYER_POSITIONS,17038,9/7/2025 11:39:42 AM,eacb2c87-4a3a-4ca1-bbe7-9f8f31167e8c,2.0,,,,,,,,,,,,,,,,,,,,,,,,,,,,,"(1.1, 1.2, -28.6)","(1.2, 1.6, -28.6)","(1.1, 1.2, -28.5)",
PLAYER_POSITIONS,17038,9/7/2025 11:39:42 AM,eacb2c87-4a3a-4ca1-bbe7-9f8f31167e8c,2.0,,,,,,,,,,,,,,,,,,,,,,,,,,,,,"(1.1, 1.2, -28.6)","(1.2, 1.6, -28.6)","(1.1, 1.2, -28.5)",
PLAYER_POSITIONS,17549,9/7/2025 11:39:42 AM,eacb2c87-4a3a-4ca1-bbe7-9f8f31167e8c,2.0,,,,,,,,,,,,,,,,,,,,,,,,,,,,,"(1.1, 1.2, -28.6)","(1.2, 1.6, -28.5)","(1.1, 1.2, -28.5)",
PLAYER_POSITIONS,17549,9/7/2025 11:39:42 AM,eacb2c87-4a3a-4ca1-bbe7-9f8f31167e8c,2.0,,,,,,,,,,,,,,,,,,,,,,,,,,,,,"(1.1, 1.2, -28.6)","(1.2, 1.6, -28.5)","(1.1, 1.2, -28.5)",
PLAYER_POSITIONS,18060,9/7/2025 11:39:43 AM,eacb2c87-4a3a-4ca1-bbe7-9f8f31167e8c,2.0,,,,,,,,,,,,,,,,,,,,,,,,,,,,,"(1.1, 1.2, -28.6)","(1.2, 1.6, -28.6)","(1.1, 1.2, -28.5)",
PLAYER_POSITIONS,18060,9/7/2025 11:39:43 AM,eacb2c87-4a3a-4ca1-bbe7-9f8f31167e8c,2.0,,,,,,,,,,,,,,,,,,,,,,,,,,,,,"(1.1, 1.2, -28.6)","(1.2, 1.6, -28.6)","(1.1, 1.2, -28.5)",
PLAYER_POSITIONS,18571,9/7/2025 11:39:43 AM,eacb2c87-4a3a-4ca1-bbe7-9f8f31167e8c,2.0,,,,,,,,,,,,,,,,,,,,,,,,,,,,,"(1.1, 1.2, -28.6)","(1.2, 1.6, -28.6)","(1.1, 1.2, -28.5)",
PLAYER_POSITIONS,18571,9/7/2025 11:39:43 AM,eacb2c87-4a3a-4ca1-bbe7-9f8f31167e8c,2.0,,,,,,,,,,,,,,,,,,,,,,,,,,,,,"(1.1, 1.2, -28.6)","(1.2, 1.6, -28.6)","(1.1, 1.2, -28.5)",
PLAYER_POSITIONS,19076,9/7/2025 11:39:44 AM,eacb2c87-4a3a-4ca1-bbe7-9f8f31167e8c,2.0,,,,,,,,,,,,,,,,,,,,,,,,,,,,,"(1.1, 1.2, -28.6)","(1.2, 1.6, -28.6)","(1.1, 1.2, -28.5)",
PLAYER_POSITIONS,19076,9/7/2025 11:39:44 AM,eacb2c87-4a3a-4ca1-bbe7-9f8f31167e8c,2.0,,,,,,,,,,,,,,,,,,,,,,,,,,,,,"(1.1, 1.2, -28.6)","(1.2, 1.6, -28.6)","(1.1, 1.2, -28.5)",
PLAYER_POSITIONS,19587,9/7/2025 11:39:44 AM,eacb2c87-4a3a-4ca1-bbe7-9f8f31167e8c,2.0,,,,,,,,,,,,,,,,,,,,,,,,,,,,,"(1.1, 1.2, -28.6)","(1.2, 1.6, -28.6)","(1.1, 1.2, -28.5)",
PLAYER_POSITIONS,19587,9/7/2025 11:39:44 AM,eacb2c87-4a3a-4ca1-bbe7-9f8f31167e8c,2.0,,,,,,,,,,,,,,,,,,,,,,,,,,,,,"(1.1, 1.2, -28.6)","(1.2, 1.6, -28.6)","(1.1, 1.2, -28.5)",
PLAYER_POSITIONS,20097,9/7/2025 11:39:45 AM,eacb2c87-4a3a-4ca1-bbe7-9f8f31167e8c,2.0,,,,,,,,,,,,,,,,,,,,,,,,,,,,,"(1.1, 1.2, -28.6)","(1.2, 1.6, -28.6)","(1.1, 1.2, -28.5)",
PLAYER_POSITIONS,20097,9/7/2025 11:39:45 AM,eacb2c87-4a3a-4ca1-bbe7-9f8f31167e8c,2.0,,,,,,,,,,,,,,,,,,,,,,,,,,,,,"(1.1, 1.2, -28.6)","(1.2, 1.6, -28.6)","(1.1, 1.2, -28.5)",
PLAYER_POSITIONS,20599,9/7/2025 11:39:45 AM,eacb2c87-4a3a-4ca1-bbe7-9f8f31167e8c,2.0,,,,,,,,,,,,,,,,,,,,,,,,,,,,,"(1.1, 1.2, -28.6)","(1.2, 1.6, -28.5)","(1.1, 1.2, -28.5)",
PLAYER_POSITIONS,20599,9/7/2025 11:39:45 AM,eacb2c87-4a3a-4ca1-bbe7-9f8f31167e8c,2.0,,,,,,,,,,,,,,,,,,,,,,,,,,,,,"(1.1, 1.2, -28.6)","(1.2, 1.6, -28.5)","(1.1, 1.2, -28.5)",
PLAYER_POSITIONS,21100,9/7/2025 11:39:46 AM,eacb2c87-4a3a-4ca1-bbe7-9f8f31167e8c,2.0,,,,,,,,,,,,,,,,,,,,,,,,,,,,,"(1.1, 1.2, -28.6)","(1.2, 1.6, -28.5)","(1.1, 1.2, -28.5)",
PLAYER_POSITIONS,21100,9/7/2025 11:39:46 AM,eacb2c87-4a3a-4ca1-bbe7-9f8f31167e8c,2.0,,,,,,,,,,,,,,,,,,,,,,,,,,,,,"(1.1, 1.2, -28.6)","(1.2, 1.6, -28.5)","(1.1, 1.2, -28.5)",
PLAYER_POSITIONS,21609,9/7/2025 11:39:46 AM,eacb2c87-4a3a-4ca1-bbe7-9f8f31167e8c,2.0,,,,,,,,,,,,,,,,,,,,,,,,,,,,,"(1.1, 1.2, -28.6)","(1.2, 1.6, -28.5)","(1.1, 1.2, -28.5)",
PLAYER_POSITIONS,21609,9/7/2025 11:39:46 AM,eacb2c87-4a3a-4ca1-bbe7-9f8f31167e8c,2.0,,,,,,,,,,,,,,,,,,,,,,,,,,,,,"(1.1, 1.2, -28.6)","(1.2, 1.6, -28.5)","(1.1, 1.2, -28.5)",
PLAYER_POSITIONS,22128,9/7/2025 11:39:47 AM,eacb2c87-4a3a-4ca1-bbe7-9f8f31167e8c,2.0,,,,,,,,,,,,,,,,,,,,,,,,,,,,,"(1.1, 1.2, -28.6)","(1.2, 1.6, -28.5)","(1.1, 1.2, -28.5)",
PLAYER_POSITIONS,22128,9/7/2025 11:39:47 AM,eacb2c87-4a3a-4ca1-bbe7-9f8f31167e8c,2.0,,,,,,,,,,,,,,,,,,,,,,,,,,,,,"(1.1, 1.2, -28.6)","(1.2, 1.6, -28.5)","(1.1, 1.2, -28.5)",
PLAYER_POSITIONS,22644,9/7/2025 11:39:47 AM,eacb2c87-4a3a-4ca1-bbe7-9f8f31167e8c,2.0,,,,,,,,,,,,,,,,,,,,,,,,,,,,,"(1.1, 1.2, -28.6)","(1.2, 1.6, -28.6)","(1.1, 1.2, -28.5)",
PLAYER_POSITIONS,22644,9/7/2025 11:39:47 AM,eacb2c87-4a3a-4ca1-bbe7-9f8f31167e8c,2.0,,,,,,,,,,,,,,,,,,,,,,,,,,,,,"(1.1, 1.2, -28.6)","(1.2, 1.6, -28.6)","(1.1, 1.2, -28.5)",
PLAYER_POSITIONS,23161,9/7/2025 11:39:48 AM,eacb2c87-4a3a-4ca1-bbe7-9f8f31167e8c,2.0,,,,,,,,,,,,,,,,,,,,,,,,,,,,,"(1.0, 1.2, -28.6)","(1.2, 1.6, -28.5)","(1.1, 1.2, -28.5)",
PLAYER_POSITIONS,23161,9/7/2025 11:39:48 AM,eacb2c87-4a3a-4ca1-bbe7-9f8f31167e8c,2.0,,,,,,,,,,,,,,,,,,,,,,,,,,,,,"(1.0, 1.2, -28.6)","(1.2, 1.6, -28.5)","(1.1, 1.2, -28.5)",
PLAYER_POSITIONS,23673,9/7/2025 11:39:48 AM,eacb2c87-4a3a-4ca1-bbe7-9f8f31167e8c,2.0,,,,,,,,,,,,,,,,,,,,,,,,,,,,,"(1.1, 1.2, -28.5)","(1.2, 1.6, -28.5)","(1.1, 1.2, -28.4)",
PLAYER_POSITIONS,23673,9/7/2025 11:39:48 AM,eacb2c87-4a3a-4ca1-bbe7-9f8f31167e8c,2.0,,,,,,,,,,,,,,,,,,,,,,,,,,,,,"(1.1, 1.2, -28.5)","(1.2, 1.6, -28.5)","(1.1, 1.2, -28.4)",
PLAYER_POSITIONS,24186,9/7/2025 11:39:49 AM,eacb2c87-4a3a-4ca1-bbe7-9f8f31167e8c,2.0,,,,,,,,,,,,,,,,,,,,,,,,,,,,,"(1.1, 1.2, -28.5)","(1.2, 1.6, -28.4)","(1.1, 1.2, -28.4)",
PLAYER_POSITIONS,24186,9/7/2025 11:39:49 AM,eacb2c87-4a3a-4ca1-bbe7-9f8f31167e8c,2.0,,,,,,,,,,,,,,,,,,,,,,,,,,,,,"(1.1, 1.2, -28.5)","(1.2, 1.6, -28.4)","(1.1, 1.2, -28.4)",
PLAYER_POSITIONS,24699,9/7/2025 11:39:49 AM,eacb2c87-4a3a-4ca1-bbe7-9f8f31167e8c,2.0,,,,,,,,,,,,,,,,,,,,,,,,,,,,,"(1.0, 1.2, -28.6)","(1.1, 1.6, -28.5)","(1.0, 1.2, -28.5)",
PLAYER_POSITIONS,24699,9/7/2025 11:39:49 AM,eacb2c87-4a3a-4ca1-bbe7-9f8f31167e8c,2.0,,,,,,,,,,,,,,,,,,,,,,,,,,,,,"(1.0, 1.2, -28.6)","(1.1, 1.6, -28.5)","(1.0, 1.2, -28.5)",
PLAYER_POSITIONS,25204,9/7/2025 11:39:50 AM,eacb2c87-4a3a-4ca1-bbe7-9f8f31167e8c,2.0,,,,,,,,,,,,,,,,,,,,,,,,,,,,,"(0.9, 1.2, -28.6)","(1.0, 1.6, -28.6)","(0.9, 1.2, -28.5)",
PLAYER_POSITIONS,25204,9/7/2025 11:39:50 AM,eacb2c87-4a3a-4ca1-bbe7-9f8f31167e8c,2.0,,,,,,,,,,,,,,,,,,,,,,,,,,,,,"(0.9, 1.2, -28.6)","(1.0, 1.6, -28.6)","(0.9, 1.2, -28.5)",
PLAYER_POSITIONS,25714,9/7/2025 11:39:50 AM,eacb2c87-4a3a-4ca1-bbe7-9f8f31167e8c,2.0,,,,,,,,,,,,,,,,,,,,,,,,,,,,,"(0.8, 1.2, -28.6)","(0.9, 1.6, -28.6)","(0.8, 1.2, -28.5)",
PLAYER_POSITIONS,25714,9/7/2025 11:39:50 AM,eacb2c87-4a3a-4ca1-bbe7-9f8f31167e8c,2.0,,,,,,,,,,,,,,,,,,,,,,,,,,,,,"(0.8, 1.2, -28.6)","(0.9, 1.6, -28.6)","(0.8, 1.2, -28.5)",
PLAYER_POSITIONS,26220,9/7/2025 11:39:51 AM,eacb2c87-4a3a-4ca1-bbe7-9f8f31167e8c,2.0,,,,,,,,,,,,,,,,,,,,,,,,,,,,,"(0.7, 1.2, -28.6)","(0.8, 1.6, -28.5)","(0.7, 1.2, -28.5)",
PLAYER_POSITIONS,26220,9/7/2025 11:39:51 AM,eacb2c87-4a3a-4ca1-bbe7-9f8f31167e8c,2.0,,,,,,,,,,,,,,,,,,,,,,,,,,,,,"(0.7, 1.2, -28.6)","(0.8, 1.6, -28.5)","(0.7, 1.2, -28.5)",
PLAYER_POSITIONS,26724,9/7/2025 11:39:51 AM,eacb2c87-4a3a-4ca1-bbe7-9f8f31167e8c,2.0,,,,,,,,,,,,,,,,,,,,,,,,,,,,,"(0.6, 1.2, -28.5)","(0.8, 1.6, -28.5)","(0.6, 1.2, -28.4)",
PLAYER_POSITIONS,26724,9/7/2025 11:39:51 AM,eacb2c87-4a3a-4ca1-bbe7-9f8f31167e8c,2.0,,,,,,,,,,,,,,,,,,,,,,,,,,,,,"(0.6, 1.2, -28.5)","(0.8, 1.6, -28.5)","(0.6, 1.2, -28.4)",
PLAYER_POSITIONS,27242,9/7/2025 11:39:52 AM,eacb2c87-4a3a-4ca1-bbe7-9f8f31167e8c,2.0,,,,,,,,,,,,,,,,,,,,,,,,,,,,,"(0.6, 1.2, -28.5)","(0.7, 1.6, -28.5)","(0.6, 1.2, -28.4)",
PLAYER_POSITIONS,27242,9/7/2025 11:39:52 AM,eacb2c87-4a3a-4ca1-bbe7-9f8f31167e8c,2.0,,,,,,,,,,,,,,,,,,,,,,,,,,,,,"(0.6, 1.2, -28.5)","(0.7, 1.6, -28.5)","(0.6, 1.2, -28.4)",
PLAYER_POSITIONS,27753,9/7/2025 11:39:53 AM,eacb2c87-4a3a-4ca1-bbe7-9f8f31167e8c,2.0,,,,,,,,,,,,,,,,,,,,,,,,,,,,,"(0.6, 1.2, -28.6)","(0.7, 1.6, -28.5)","(0.6, 1.2, -28.5)",
PLAYER_POSITIONS,27753,9/7/2025 11:39:53 AM,eacb2c87-4a3a-4ca1-bbe7-9f8f31167e8c,2.0,,,,,,,,,,,,,,,,,,,,,,,,,,,,,"(0.6, 1.2, -28.6)","(0.7, 1.6, -28.5)","(0.6, 1.2, -28.5)",
PLAYER_POSITIONS,28258,9/7/2025 11:39:53 AM,eacb2c87-4a3a-4ca1-bbe7-9f8f31167e8c,2.0,,,,,,,,,,,,,,,,,,,,,,,,,,,,,"(0.6, 1.2, -28.5)","(0.7, 1.6, -28.5)","(0.6, 1.2, -28.4)",
PLAYER_POSITIONS,28258,9/7/2025 11:39:53 AM,eacb2c87-4a3a-4ca1-bbe7-9f8f31167e8c,2.0,,,,,,,,,,,,,,,,,,,,,,,,,,,,,"(0.6, 1.2, -28.5)","(0.7, 1.6, -28.5)","(0.6, 1.2, -28.4)",
PLAYER_POSITIONS,28770,9/7/2025 11:39:54 AM,eacb2c87-4a3a-4ca1-bbe7-9f8f31167e8c,2.0,,,,,,,,,,,,,,,,,,,,,,,,,,,,,"(0.5, 1.2, -28.5)","(0.7, 1.6, -28.5)","(0.6, 1.2, -28.4)",
PLAYER_POSITIONS,28770,9/7/2025 11:39:54 AM,eacb2c87-4a3a-4ca1-bbe7-9f8f31167e8c,2.0,,,,,,,,,,,,,,,,,,,,,,,,,,,,,"(0.5, 1.2, -28.5)","(0.7, 1.6, -28.5)","(0.6, 1.2, -28.4)",
PLAYER_POSITIONS,29281,9/7/2025 11:39:54 AM,eacb2c87-4a3a-4ca1-bbe7-9f8f31167e8c,2.0,,,,,,,,,,,,,,,,,,,,,,,,,,,,,"(0.4, 1.2, -28.5)","(0.5, 1.6, -28.5)","(0.5, 1.2, -28.4)",
PLAYER_POSITIONS,29281,9/7/2025 11:39:54 AM,eacb2c87-4a3a-4ca1-bbe7-9f8f31167e8c,2.0,,,,,,,,,,,,,,,,,,,,,,,,,,,,,"(0.4, 1.2, -28.5)","(0.5, 1.6, -28.5)","(0.5, 1.2, -28.4)",
PLAYER_POSITIONS,29782,9/7/2025 11:39:55 AM,eacb2c87-4a3a-4ca1-bbe7-9f8f31167e8c,2.0,,,,,,,,,,,,,,,,,,,,,,,,,,,,,"(0.3, 1.2, -28.6)","(0.4, 1.6, -28.5)","(0.3, 1.2, -28.5)",
PLAYER_POSITIONS,29782,9/7/2025 11:39:55 AM,eacb2c87-4a3a-4ca1-bbe7-9f8f31167e8c,2.0,,,,,,,,,,,,,,,,,,,,,,,,,,,,,"(0.3, 1.2, -28.6)","(0.4, 1.6, -28.5)","(0.3, 1.2, -28.5)",
PLAYER_POSITIONS,30289,9/7/2025 11:39:55 AM,eacb2c87-4a3a-4ca1-bbe7-9f8f31167e8c,2.0,,,,,,,,,,,,,,,,,,,,,,,,,,,,,"(0.2, 1.2, -28.6)","(0.3, 1.6, -28.6)","(0.2, 1.2, -28.5)",
PLAYER_POSITIONS,30289,9/7/2025 11:39:55 AM,eacb2c87-4a3a-4ca1-bbe7-9f8f31167e8c,2.0,,,,,,,,,,,,,,,,,,,,,,,,,,,,,"(0.2, 1.2, -28.6)","(0.3, 1.6, -28.6)","(0.2, 1.2, -28.5)",
PLAYER_POSITIONS,30804,9/7/2025 11:39:56 AM,eacb2c87-4a3a-4ca1-bbe7-9f8f31167e8c,2.0,,,,,,,,,,,,,,,,,,,,,,,,,,,,,"(0.2, 1.2, -28.6)","(0.3, 1.6, -28.6)","(0.2, 1.2, -28.5)",
PLAYER_POSITIONS,30804,9/7/2025 11:39:56 AM,eacb2c87-4a3a-4ca1-bbe7-9f8f31167e8c,2.0,,,,,,,,,,,,,,,,,,,,,,,,,,,,,"(0.2, 1.2, -28.6)","(0.3, 1.6, -28.6)","(0.2, 1.2, -28.5)",
PLAYER_POSITIONS,31311,9/7/2025 11:39:56 AM,eacb2c87-4a3a-4ca1-bbe7-9f8f31167e8c,2.0,,,,,,,,,,,,,,,,,,,,,,,,,,,,,"(0.1, 1.2, -28.6)","(0.3, 1.6, -28.6)","(0.2, 1.2, -28.5)",
PLAYER_POSITIONS,31311,9/7/2025 11:39:56 AM,eacb2c87-4a3a-4ca1-bbe7-9f8f31167e8c,2.0,,,,,,,,,,,,,,,,,,,,,,,,,,,,,"(0.1, 1.2, -28.6)","(0.3, 1.6, -28.6)","(0.2, 1.2, -28.5)",
PLAYER_POSITIONS,31819,9/7/2025 11:39:57 AM,eacb2c87-4a3a-4ca1-bbe7-9f8f31167e8c,2.0,,,,,,,,,,,,,,,,,,,,,,,,,,,,,"(0.2, 1.2, -28.6)","(0.3, 1.6, -28.6)","(0.2, 1.2, -28.5)",
PLAYER_POSITIONS,31819,9/7/2025 11:39:57 AM,eacb2c87-4a3a-4ca1-bbe7-9f8f31167e8c,2.0,,,,,,,,,,,,,,,,,,,,,,,,,,,,,"(0.2, 1.2, -28.6)","(0.3, 1.6, -28.6)","(0.2, 1.2, -28.5)",
PLAYER_POSITIONS,32320,9/7/2025 11:39:57 AM,eacb2c87-4a3a-4ca1-bbe7-9f8f31167e8c,2.0,,,,,,,,,,,,,,,,,,,,,,,,,,,,,"(0.2, 1.2, -28.6)","(0.4, 1.6, -28.6)","(0.2, 1.2, -28.5)",
PLAYER_POSITIONS,32320,9/7/2025 11:39:57 AM,eacb2c87-4a3a-4ca1-bbe7-9f8f31167e8c,2.0,,,,,,,,,,,,,,,,,,,,,,,,,,,,,"(0.2, 1.2, -28.6)","(0.4, 1.6, -28.6)","(0.2, 1.2, -28.5)",
PLAYER_POSITIONS,32831,9/7/2025 11:39:58 AM,eacb2c87-4a3a-4ca1-bbe7-9f8f31167e8c,2.0,,,,,,,,,,,,,,,,,,,,,,,,,,,,,"(0.2, 1.2, -28.6)","(0.4, 1.6, -28.6)","(0.2, 1.2, -28.5)",
PLAYER_POSITIONS,32831,9/7/2025 11:39:58 AM,eacb2c87-4a3a-4ca1-bbe7-9f8f31167e8c,2.0,,,,,,,,,,,,,,,,,,,,,,,,,,,,,"(0.2, 1.2, -28.6)","(0.4, 1.6, -28.6)","(0.2, 1.2, -28.5)",
PLAYER_POSITIONS,33333,9/7/2025 11:39:58 AM,eacb2c87-4a3a-4ca1-bbe7-9f8f31167e8c,2.0,,,,,,,,,,,,,,,,,,,,,,,,,,,,,"(0.2, 1.2, -28.6)","(0.4, 1.6, -28.6)","(0.2, 1.2, -28.5)",
PLAYER_POSITIONS,33333,9/7/2025 11:39:58 AM,eacb2c87-4a3a-4ca1-bbe7-9f8f31167e8c,2.0,,,,,,,,,,,,,,,,,,,,,,,,,,,,,"(0.2, 1.2, -28.6)","(0.4, 1.6, -28.6)","(0.2, 1.2, -28.5)",
PLAYER_POSITIONS,33851,9/7/2025 11:39:59 AM,eacb2c87-4a3a-4ca1-bbe7-9f8f31167e8c,2.0,,,,,,,,,,,,,,,,,,,,,,,,,,,,,"(0.2, 1.2, -28.6)","(0.4, 1.6, -28.6)","(0.2, 1.2, -28.5)",
PLAYER_POSITIONS,33851,9/7/2025 11:39:59 AM,eacb2c87-4a3a-4ca1-bbe7-9f8f31167e8c,2.0,,,,,,,,,,,,,,,,,,,,,,,,,,,,,"(0.2, 1.2, -28.6)","(0.4, 1.6, -28.6)","(0.2, 1.2, -28.5)",
PLAYER_POSITIONS,34354,9/7/2025 11:39:59 AM,eacb2c87-4a3a-4ca1-bbe7-9f8f31167e8c,2.0,,,,,,,,,,,,,,,,,,,,,,,,,,,,,"(0.2, 1.2, -28.6)","(0.4, 1.6, -28.6)","(0.2, 1.2, -28.5)",
PLAYER_POSITIONS,34354,9/7/2025 11:39:59 AM,eacb2c87-4a3a-4ca1-bbe7-9f8f31167e8c,2.0,,,,,,,,,,,,,,,,,,,,,,,,,,,,,"(0.2, 1.2, -28.6)","(0.4, 1.6, -28.6)","(0.2, 1.2, -28.5)",
PLAYER_POSITIONS,34864,9/7/2025 11:40:00 AM,eacb2c87-4a3a-4ca1-bbe7-9f8f31167e8c,2.0,,,,,,,,,,,,,,,,,,,,,,,,,,,,,"(0.2, 1.2, -28.6)","(0.4, 1.6, -28.5)","(0.2, 1.2, -28.5)",
PLAYER_POSITIONS,34864,9/7/2025 11:40:00 AM,eacb2c87-4a3a-4ca1-bbe7-9f8f31167e8c,2.0,,,,,,,,,,,,,,,,,,,,,,,,,,,,,"(0.2, 1.2, -28.6)","(0.4, 1.6, -28.5)","(0.2, 1.2, -28.5)",
PLAYER_POSITIONS,35373,9/7/2025 11:40:00 AM,eacb2c87-4a3a-4ca1-bbe7-9f8f31167e8c,2.0,,,,,,,,,,,,,,,,,,,,,,,,,,,,,"(0.2, 1.2, -28.6)","(0.4, 1.6, -28.6)","(0.2, 1.2, -28.5)",
PLAYER_POSITIONS,35373,9/7/2025 11:40:00 AM,eacb2c87-4a3a-4ca1-bbe7-9f8f31167e8c,2.0,,,,,,,,,,,,,,,,,,,,,,,,,,,,,"(0.2, 1.2, -28.6)","(0.4, 1.6, -28.6)","(0.2, 1.2, -28.5)",
PLAYER_POSITIONS,35884,9/7/2025 11:40:01 AM,eacb2c87-4a3a-4ca1-bbe7-9f8f31167e8c,2.0,,,,,,,,,,,,,,,,,,,,,,,,,,,,,"(0.2, 1.2, -28.6)","(0.4, 1.6, -28.6)","(0.2, 1.2, -28.5)",
PLAYER_POSITIONS,35884,9/7/2025 11:40:01 AM,eacb2c87-4a3a-4ca1-bbe7-9f8f31167e8c,2.0,,,,,,,,,,,,,,,,,,,,,,,,,,,,,"(0.2, 1.2, -28.6)","(0.4, 1.6, -28.6)","(0.2, 1.2, -28.5)",
PLAYER_POSITIONS,36394,9/7/2025 11:40:01 AM,eacb2c87-4a3a-4ca1-bbe7-9f8f31167e8c,2.0,,,,,,,,,,,,,,,,,,,,,,,,,,,,,"(0.2, 1.2, -28.6)","(0.3, 1.6, -28.5)","(0.2, 1.2, -28.5)",
PLAYER_POSITIONS,36394,9/7/2025 11:40:01 AM,eacb2c87-4a3a-4ca1-bbe7-9f8f31167e8c,2.0,,,,,,,,,,,,,,,,,,,,,,,,,,,,,"(0.2, 1.2, -28.6)","(0.3, 1.6, -28.5)","(0.2, 1.2, -28.5)",
PLAYER_POSITIONS,36906,9/7/2025 11:40:02 AM,eacb2c87-4a3a-4ca1-bbe7-9f8f31167e8c,2.0,,,,,,,,,,,,,,,,,,,,,,,,,,,,,"(0.1, 1.2, -28.6)","(0.3, 1.6, -28.5)","(0.2, 1.2, -28.4)",
PLAYER_POSITIONS,36906,9/7/2025 11:40:02 AM,eacb2c87-4a3a-4ca1-bbe7-9f8f31167e8c,2.0,,,,,,,,,,,,,,,,,,,,,,,,,,,,,"(0.1, 1.2, -28.6)","(0.3, 1.6, -28.5)","(0.2, 1.2, -28.4)",
PLAYER_POSITIONS,37408,9/7/2025 11:40:02 AM,eacb2c87-4a3a-4ca1-bbe7-9f8f31167e8c,2.0,,,,,,,,,,,,,,,,,,,,,,,,,,,,,"(0.1, 1.2, -28.5)","(0.2, 1.6, -28.5)","(0.1, 1.2, -28.4)",
PLAYER_POSITIONS,37408,9/7/2025 11:40:02 AM,eacb2c87-4a3a-4ca1-bbe7-9f8f31167e8c,2.0,,,,,,,,,,,,,,,,,,,,,,,,,,,,,"(0.1, 1.2, -28.5)","(0.2, 1.6, -28.5)","(0.1, 1.2, -28.4)",
PLAYER_POSITIONS,37910,9/7/2025 11:40:03 AM,eacb2c87-4a3a-4ca1-bbe7-9f8f31167e8c,2.0,,,,,,,,,,,,,,,,,,,,,,,,,,,,,"(0.0, 1.2, -28.5)","(0.2, 1.6, -28.4)","(0.1, 1.2, -28.3)",
PLAYER_POSITIONS,37910,9/7/2025 11:40:03 AM,eacb2c87-4a3a-4ca1-bbe7-9f8f31167e8c,2.0,,,,,,,,,,,,,,,,,,,,,,,,,,,,,"(0.0, 1.2, -28.5)","(0.2, 1.6, -28.4)","(0.1, 1.2, -28.3)",
PLAYER_POSITIONS,38417,9/7/2025 11:40:03 AM,eacb2c87-4a3a-4ca1-bbe7-9f8f31167e8c,2.0,,,,,,,,,,,,,,,,,,,,,,,,,,,,,"(-0.1, 1.3, -28.5)","(0.1, 1.6, -28.4)","(0.0, 1.2, -28.3)",
PLAYER_POSITIONS,38417,9/7/2025 11:40:03 AM,eacb2c87-4a3a-4ca1-bbe7-9f8f31167e8c,2.0,,,,,,,,,,,,,,,,,,,,,,,,,,,,,"(-0.1, 1.3, -28.5)","(0.1, 1.6, -28.4)","(0.0, 1.2, -28.3)",
PLAYER_POSITIONS,38917,9/7/2025 11:40:04 AM,eacb2c87-4a3a-4ca1-bbe7-9f8f31167e8c,2.0,,,,,,,,,,,,,,,,,,,,,,,,,,,,,"(-0.1, 1.2, -28.5)","(0.1, 1.6, -28.4)","(-0.1, 1.2, -28.3)",
PLAYER_POSITIONS,38917,9/7/2025 11:40:04 AM,eacb2c87-4a3a-4ca1-bbe7-9f8f31167e8c,2.0,,,,,,,,,,,,,,,,,,,,,,,,,,,,,"(-0.1, 1.2, -28.5)","(0.1, 1.6, -28.4)","(-0.1, 1.2, -28.3)",
PLAYER_POSITIONS,39430,9/7/2025 11:40:04 AM,eacb2c87-4a3a-4ca1-bbe7-9f8f31167e8c,2.0,,,,,,,,,,,,,,,,,,,,,,,,,,,,,"(-0.1, 1.2, -28.5)","(0.1, 1.6, -28.4)","(-0.1, 1.2, -28.3)",
PLAYER_POSITIONS,39430,9/7/2025 11:40:04 AM,eacb2c87-4a3a-4ca1-bbe7-9f8f31167e8c,2.0,,,,,,,,,,,,,,,,,,,,,,,,,,,,,"(-0.1, 1.2, -28.5)","(0.1, 1.6, -28.4)","(-0.1, 1.2, -28.3)",
PLAYER_POSITIONS,39939,9/7/2025 11:40:05 AM,eacb2c87-4a3a-4ca1-bbe7-9f8f31167e8c,2.0,,,,,,,,,,,,,,,,,,,,,,,,,,,,,"(-0.1, 1.2, -28.5)","(0.1, 1.6, -28.4)","(-0.1, 1.2, -28.3)",
PLAYER_POSITIONS,39939,9/7/2025 11:40:05 AM,eacb2c87-4a3a-4ca1-bbe7-9f8f31167e8c,2.0,,,,,,,,,,,,,,,,,,,,,,,,,,,,,"(-0.1, 1.2, -28.5)","(0.1, 1.6, -28.4)","(-0.1, 1.2, -28.3)",
PLAYER_POSITIONS,40450,9/7/2025 11:40:05 AM,eacb2c87-4a3a-4ca1-bbe7-9f8f31167e8c,2.0,,,,,,,,,,,,,,,,,,,,,,,,,,,,,"(-0.1, 1.2, -28.5)","(0.1, 1.6, -28.4)","(0.0, 1.2, -28.3)",
PLAYER_POSITIONS,40450,9/7/2025 11:40:05 AM,eacb2c87-4a3a-4ca1-bbe7-9f8f31167e8c,2.0,,,,,,,,,,,,,,,,,,,,,,,,,,,,,"(-0.1, 1.2, -28.5)","(0.1, 1.6, -28.4)","(0.0, 1.2, -28.3)",
PLAYER_POSITIONS,40950,9/7/2025 11:40:06 AM,eacb2c87-4a3a-4ca1-bbe7-9f8f31167e8c,2.0,,,,,,,,,,,,,,,,,,,,,,,,,,,,,"(-0.1, 1.2, -28.5)","(0.1, 1.5, -28.4)","(-0.1, 1.2, -28.3)",
PLAYER_POSITIONS,40950,9/7/2025 11:40:06 AM,eacb2c87-4a3a-4ca1-bbe7-9f8f31167e8c,2.0,,,,,,,,,,,,,,,,,,,,,,,,,,,,,"(-0.1, 1.2, -28.5)","(0.1, 1.5, -28.4)","(-0.1, 1.2, -28.3)",
PLAYER_POSITIONS,41452,9/7/2025 11:40:06 AM,eacb2c87-4a3a-4ca1-bbe7-9f8f31167e8c,2.0,,,,,,,,,,,,,,,,,,,,,,,,,,,,,"(-0.2, 1.2, -28.5)","(0.0, 1.6, -28.4)","(-0.1, 1.2, -28.3)",
PLAYER_POSITIONS,41452,9/7/2025 11:40:06 AM,eacb2c87-4a3a-4ca1-bbe7-9f8f31167e8c,2.0,,,,,,,,,,,,,,,,,,,,,,,,,,,,,"(-0.2, 1.2, -28.5)","(0.0, 1.6, -28.4)","(-0.1, 1.2, -28.3)",
PLAYER_POSITIONS,41962,9/7/2025 11:40:07 AM,eacb2c87-4a3a-4ca1-bbe7-9f8f31167e8c,2.0,,,,,,,,,,,,,,,,,,,,,,,,,,,,,"(-0.3, 1.2, -28.5)","(-0.2, 1.6, -28.4)","(-0.3, 1.2, -28.3)",
PLAYER_GAZE,41962,9/7/2025 11:40:07 AM,eacb2c87-4a3a-4ca1-bbe7-9f8f31167e8c,2.0,,,,,,,,,,,,,,,,,,Patient 2,,,,,,,,,"(11.3, 1.6, -1.2)",,,"(-11.5, 0.0, -27.3)",
PLAYER_POSITIONS,41962,9/7/2025 11:40:07 AM,eacb2c87-4a3a-4ca1-bbe7-9f8f31167e8c,2.0,,,,,,,,,,,,,,,,,,,,,,,,,,,,,"(-0.3, 1.2, -28.5)","(-0.2, 1.6, -28.4)","(-0.3, 1.2, -28.3)",
PLAYER_GAZE,41962,9/7/2025 11:40:07 AM,eacb2c87-4a3a-4ca1-bbe7-9f8f31167e8c,2.0,,,,,,,,,,,,,,,,,,Patient 2,,,,,,,,,"(11.3, 1.6, -1.2)",,,"(-11.5, 0.0, -27.3)",
PLAYER_POSITIONS,42471,9/7/2025 11:40:07 AM,eacb2c87-4a3a-4ca1-bbe7-9f8f31167e8c,2.0,,,,,,,,,,,,,,,,,,,,,,,,,,,,,"(-0.4, 1.2, -28.4)","(-0.2, 1.6, -28.4)","(-0.4, 1.2, -28.3)",
PLAYER_GAZE,42471,9/7/2025 11:40:07 AM,eacb2c87-4a3a-4ca1-bbe7-9f8f31167e8c,2.0,,,,,,,,,,,,,,,,,,Patient 2,,,,,,,,,"(11.3, 1.6, -1.1)",,,"(-11.5, 0.0, -27.3)",
PLAYER_POSITIONS,42471,9/7/2025 11:40:07 AM,eacb2c87-4a3a-4ca1-bbe7-9f8f31167e8c,2.0,,,,,,,,,,,,,,,,,,,,,,,,,,,,,"(-0.4, 1.2, -28.4)","(-0.2, 1.6, -28.4)","(-0.4, 1.2, -28.3)",
PLAYER_GAZE,42471,9/7/2025 11:40:07 AM,eacb2c87-4a3a-4ca1-bbe7-9f8f31167e8c,2.0,,,,,,,,,,,,,,,,,,Patient 2,,,,,,,,,"(11.3, 1.6, -1.1)",,,"(-11.5, 0.0, -27.3)",
PLAYER_POSITIONS,42971,9/7/2025 11:40:08 AM,eacb2c87-4a3a-4ca1-bbe7-9f8f31167e8c,2.0,,,,,,,,,,,,,,,,,,,,,,,,,,,,,"(-0.6, 1.3, -28.3)","(-0.4, 1.6, -28.3)","(-0.5, 1.2, -28.2)",
PLAYER_POSITIONS,42971,9/7/2025 11:40:08 AM,eacb2c87-4a3a-4ca1-bbe7-9f8f31167e8c,2.0,,,,,,,,,,,,,,,,,,,,,,,,,,,,,"(-0.6, 1.3, -28.3)","(-0.4, 1.6, -28.3)","(-0.5, 1.2, -28.2)",
PLAYER_POSITIONS,43473,9/7/2025 11:40:08 AM,eacb2c87-4a3a-4ca1-bbe7-9f8f31167e8c,2.0,,,,,,,,,,,,,,,,,,,,,,,,,,,,,"(-0.6, 1.2, -28.3)","(-0.5, 1.6, -28.2)","(-0.6, 1.2, -28.1)",
PLAYER_POSITIONS,43473,9/7/2025 11:40:08 AM,eacb2c87-4a3a-4ca1-bbe7-9f8f31167e8c,2.0,,,,,,,,,,,,,,,,,,,,,,,,,,,,,"(-0.6, 1.2, -28.3)","(-0.5, 1.6, -28.2)","(-0.6, 1.2, -28.1)",
PLAYER_POSITIONS,43988,9/7/2025 11:40:09 AM,eacb2c87-4a3a-4ca1-bbe7-9f8f31167e8c,2.0,,,,,,,,,,,,,,,,,,,,,,,,,,,,,"(-0.7, 1.2, -28.3)","(-0.6, 1.6, -28.3)","(-0.7, 1.2, -28.2)",
PLAYER_POSITIONS,43988,9/7/2025 11:40:09 AM,eacb2c87-4a3a-4ca1-bbe7-9f8f31167e8c,2.0,,,,,,,,,,,,,,,,,,,,,,,,,,,,,"(-0.7, 1.2, -28.3)","(-0.6, 1.6, -28.3)","(-0.7, 1.2, -28.2)",
PLAYER_POSITIONS,44503,9/7/2025 11:40:09 AM,eacb2c87-4a3a-4ca1-bbe7-9f8f31167e8c,2.0,,,,,,,,,,,,,,,,,,,,,,,,,,,,,"(-0.9, 1.3, -28.4)","(-0.7, 1.6, -28.4)","(-0.8, 1.2, -28.3)",
PLAYER_GAZE,44503,9/7/2025 11:40:09 AM,eacb2c87-4a3a-4ca1-bbe7-9f8f31167e8c,2.0,,,,,,,,,,,,,,,,,,Patient 2,,,,,,,,,"(10.8, 1.6, -1.1)",,,"(-11.5, 0.0, -27.3)",
PLAYER_POSITIONS,44503,9/7/2025 11:40:09 AM,eacb2c87-4a3a-4ca1-bbe7-9f8f31167e8c,2.0,,,,,,,,,,,,,,,,,,,,,,,,,,,,,"(-0.9, 1.3, -28.4)","(-0.7, 1.6, -28.4)","(-0.8, 1.2, -28.3)",
PLAYER_GAZE,44503,9/7/2025 11:40:09 AM,eacb2c87-4a3a-4ca1-bbe7-9f8f31167e8c,2.0,,,,,,,,,,,,,,,,,,Patient 2,,,,,,,,,"(10.8, 1.6, -1.1)",,,"(-11.5, 0.0, -27.3)",
PLAYER_POSITIONS,45008,9/7/2025 11:40:10 AM,eacb2c87-4a3a-4ca1-bbe7-9f8f31167e8c,2.0,,,,,,,,,,,,,,,,,,,,,,,,,,,,,"(-0.9, 1.3, -28.4)","(-0.8, 1.6, -28.4)","(-0.9, 1.2, -28.3)",
PLAYER_GAZE,45008,9/7/2025 11:40:10 AM,eacb2c87-4a3a-4ca1-bbe7-9f8f31167e8c,2.0,,,,,,,,,,,,,,,,,,Patient 2,,,,,,,,,"(10.7, 1.6, -1.1)",,,"(-11.5, 0.0, -27.3)",
PLAYER_POSITIONS,45008,9/7/2025 11:40:10 AM,eacb2c87-4a3a-4ca1-bbe7-9f8f31167e8c,2.0,,,,,,,,,,,,,,,,,,,,,,,,,,,,,"(-0.9, 1.3, -28.4)","(-0.8, 1.6, -28.4)","(-0.9, 1.2, -28.3)",
PLAYER_GAZE,45008,9/7/2025 11:40:10 AM,eacb2c87-4a3a-4ca1-bbe7-9f8f31167e8c,2.0,,,,,,,,,,,,,,,,,,Patient 2,,,,,,,,,"(10.7, 1.6, -1.1)",,,"(-11.5, 0.0, -27.3)",
PLAYER_POSITIONS,45518,9/7/2025 11:40:10 AM,eacb2c87-4a3a-4ca1-bbe7-9f8f31167e8c,2.0,,,,,,,,,,,,,,,,,,,,,,,,,,,,,"(-0.9, 1.3, -28.4)","(-0.8, 1.6, -28.4)","(-0.9, 1.3, -28.3)",
PLAYER_GAZE,45518,9/7/2025 11:40:10 AM,eacb2c87-4a3a-4ca1-bbe7-9f8f31167e8c,2.0,,,,,,,,,,,,,,,,,,Patient 2,,,,,,,,,"(10.7, 1.6, -1.1)",,,"(-11.5, 0.0, -27.3)",
PLAYER_POSITIONS,45518,9/7/2025 11:40:10 AM,eacb2c87-4a3a-4ca1-bbe7-9f8f31167e8c,2.0,,,,,,,,,,,,,,,,,,,,,,,,,,,,,"(-0.9, 1.3, -28.4)","(-0.8, 1.6, -28.4)","(-0.9, 1.3, -28.3)",
PLAYER_GAZE,45518,9/7/2025 11:40:10 AM,eacb2c87-4a3a-4ca1-bbe7-9f8f31167e8c,2.0,,,,,,,,,,,,,,,,,,Patient 2,,,,,,,,,"(10.7, 1.6, -1.1)",,,"(-11.5, 0.0, -27.3)",
PLAYER_POSITIONS,46022,9/7/2025 11:40:11 AM,eacb2c87-4a3a-4ca1-bbe7-9f8f31167e8c,2.0,,,,,,,,,,,,,,,,,,,,,,,,,,,,,"(-1.0, 1.3, -28.4)","(-0.8, 1.6, -28.3)","(-0.9, 1.2, -28.2)",
PLAYER_POSITIONS,46022,9/7/2025 11:40:11 AM,eacb2c87-4a3a-4ca1-bbe7-9f8f31167e8c,2.0,,,,,,,,,,,,,,,,,,,,,,,,,,,,,"(-1.0, 1.3, -28.4)","(-0.8, 1.6, -28.3)","(-0.9, 1.2, -28.2)",
PLAYER_POSITIONS,46527,9/7/2025 11:40:11 AM,eacb2c87-4a3a-4ca1-bbe7-9f8f31167e8c,2.0,,,,,,,,,,,,,,,,,,,,,,,,,,,,,"(-1.1, 1.2, -28.4)","(-0.9, 1.5, -28.3)","(-1.0, 1.2, -28.2)",
PLAYER_POSITIONS,46527,9/7/2025 11:40:11 AM,eacb2c87-4a3a-4ca1-bbe7-9f8f31167e8c,2.0,,,,,,,,,,,,,,,,,,,,,,,,,,,,,"(-1.1, 1.2, -28.4)","(-0.9, 1.5, -28.3)","(-1.0, 1.2, -28.2)",
PLAYER_POSITIONS,47043,9/7/2025 11:40:12 AM,eacb2c87-4a3a-4ca1-bbe7-9f8f31167e8c,2.0,,,,,,,,,,,,,,,,,,,,,,,,,,,,,"(-1.3, 1.3, -28.4)","(-1.2, 1.6, -28.3)","(-1.3, 1.2, -28.2)",
PLAYER_GAZE,47043,9/7/2025 11:40:12 AM,eacb2c87-4a3a-4ca1-bbe7-9f8f31167e8c,2.0,,,,,,,,,,,,,,,,,,Patient 2,,,,,,,,,"(10.3, 1.6, -1.1)",,,"(-11.5, 0.0, -27.3)",
PLAYER_POSITIONS,47043,9/7/2025 11:40:12 AM,eacb2c87-4a3a-4ca1-bbe7-9f8f31167e8c,2.0,,,,,,,,,,,,,,,,,,,,,,,,,,,,,"(-1.3, 1.3, -28.4)","(-1.2, 1.6, -28.3)","(-1.3, 1.2, -28.2)",
PLAYER_GAZE,47043,9/7/2025 11:40:12 AM,eacb2c87-4a3a-4ca1-bbe7-9f8f31167e8c,2.0,,,,,,,,,,,,,,,,,,Patient 2,,,,,,,,,"(10.3, 1.6, -1.1)",,,"(-11.5, 0.0, -27.3)",
BUTTON_CLICKED,47271,9/7/2025 11:40:12 AM,eacb2c87-4a3a-4ca1-bbe7-9f8f31167e8c,2.0,walk,
VOICE_CAPTURE,47272,9/7/2025 11:40:12 AM,eacb2c87-4a3a-4ca1-bbe7-9f8f31167e8c,2.0,,,,,,,,,,,,,,,,,,,,,,,,,,,,,,,,,,,,,,,,,NA,walk,
VOICE_COMMAND,47273,9/7/2025 11:40:12 AM,eacb2c87-4a3a-4ca1-bbe7-9f8f31167e8c,2.0,,,,,,,,,,,,,,,,,,All Patients,,,,,,,,,,,,,,,,,,,,,,,walk,walk to the safe area,
TRIAGE_LEVEL_WALK_IF_CAN,47275,9/7/2025 11:40:12 AM,eacb2c87-4a3a-4ca1-bbe7-9f8f31167e8c,2.0,,,,,,,,,,,,,,,,,,Patient 2,,,"(-11.5, -0.1, -27.3)",,,,,,,,,,,,,,,,,,,walkIfCan,
TRIAGE_LEVEL_WALK_IF_CAN,47277,9/7/2025 11:40:12 AM,eacb2c87-4a3a-4ca1-bbe7-9f8f31167e8c,2.0,,,,,,,,,,,,,,,,,,Patient 4,,,"(-7.9, -0.1, -27.0)",,,,,,,,,,,,,,,,,,,walkIfCan,
TRIAGE_LEVEL_WALKED,47277,9/7/2025 11:40:12 AM,eacb2c87-4a3a-4ca1-bbe7-9f8f31167e8c,2.0,,,,,,,,,,,,,,,,,,Patient 4,,,"(-7.9, -0.1, -27.0)",,,,,,,,,,,,,,,,,,,walked,
TRIAGE_LEVEL_WALK_IF_CAN,47277,9/7/2025 11:40:12 AM,eacb2c87-4a3a-4ca1-bbe7-9f8f31167e8c,2.0,,,,,,,,,,,,,,,,,,Patient 3,,,"(-13.4, 0.0, -22.8)",,,,,,,,,,,,,,,,,,,walkIfCan,
PLAYER_POSITIONS,47550,9/7/2025 11:40:12 AM,eacb2c87-4a3a-4ca1-bbe7-9f8f31167e8c,2.0,,,,,,,,,,,,,,,,,,,,,,,,,,,,,"(-1.5, 1.2, -28.3)","(-1.3, 1.6, -28.3)","(-1.4, 1.2, -28.2)",
PLAYER_POSITIONS,47550,9/7/2025 11:40:12 AM,eacb2c87-4a3a-4ca1-bbe7-9f8f31167e8c,2.0,,,,,,,,,,,,,,,,,,,,,,,,,,,,,"(-1.5, 1.2, -28.3)","(-1.3, 1.6, -28.3)","(-1.4, 1.2, -28.2)",
PLAYER_POSITIONS,48069,9/7/2025 11:40:13 AM,eacb2c87-4a3a-4ca1-bbe7-9f8f31167e8c,2.0,,,,,,,,,,,,,,,,,,,,,,,,,,,,,"(-1.7, 1.3, -28.3)","(-1.5, 1.6, -28.2)","(-1.6, 1.2, -28.1)",
PLAYER_GAZE,48069,9/7/2025 11:40:13 AM,eacb2c87-4a3a-4ca1-bbe7-9f8f31167e8c,2.0,,,,,,,,,,,,,,,,,,Patient 4,,,,,,,,,"(6.4, 1.6, -1.2)",,,"(-7.9, 0.0, -27.0)",
PLAYER_POSITIONS,48069,9/7/2025 11:40:13 AM,eacb2c87-4a3a-4ca1-bbe7-9f8f31167e8c,2.0,,,,,,,,,,,,,,,,,,,,,,,,,,,,,"(-1.7, 1.3, -28.3)","(-1.5, 1.6, -28.2)","(-1.6, 1.2, -28.1)",
PLAYER_GAZE,48069,9/7/2025 11:40:13 AM,eacb2c87-4a3a-4ca1-bbe7-9f8f31167e8c,2.0,,,,,,,,,,,,,,,,,,Patient 4,,,,,,,,,"(6.4, 1.6, -1.2)",,,"(-7.9, 0.0, -27.0)",
TELEPORT,48477,9/7/2025 11:40:13 AM,eacb2c87-4a3a-4ca1-bbe7-9f8f31167e8c,2.0,,,,,,,,,,,,,,,,,,,,,,,,,,,,,,"(-1.5, 1.6, -28.2)",,,"(-1.6, 1.6, -28.1)",
PLAYER_POSITIONS,48577,9/7/2025 11:40:13 AM,eacb2c87-4a3a-4ca1-bbe7-9f8f31167e8c,2.0,,,,,,,,,,,,,,,,,,,,,,,,,,,,,"(-1.8, 1.2, -28.2)","(-1.6, 1.6, -28.1)","(-1.7, 1.2, -28.0)",
PLAYER_GAZE,48577,9/7/2025 11:40:13 AM,eacb2c87-4a3a-4ca1-bbe7-9f8f31167e8c,2.0,,,,,,,,,,,,,,,,,,Patient 2,,,,,,,,,"(9.9, 1.6, -0.9)",,,"(-11.5, 0.0, -27.3)",
PLAYER_POSITIONS,48577,9/7/2025 11:40:13 AM,eacb2c87-4a3a-4ca1-bbe7-9f8f31167e8c,2.0,,,,,,,,,,,,,,,,,,,,,,,,,,,,,"(-1.8, 1.2, -28.2)","(-1.6, 1.6, -28.1)","(-1.7, 1.2, -28.0)",
PLAYER_GAZE,48577,9/7/2025 11:40:13 AM,eacb2c87-4a3a-4ca1-bbe7-9f8f31167e8c,2.0,,,,,,,,,,,,,,,,,,Patient 2,,,,,,,,,"(9.9, 1.6, -0.9)",,,"(-11.5, 0.0, -27.3)",
PLAYER_POSITIONS,49078,9/7/2025 11:40:14 AM,eacb2c87-4a3a-4ca1-bbe7-9f8f31167e8c,2.0,,,,,,,,,,,,,,,,,,,,,,,,,,,,,"(-1.8, 1.2, -28.2)","(-1.6, 1.5, -28.1)","(-1.7, 1.2, -28.0)",
PLAYER_GAZE,49078,9/7/2025 11:40:14 AM,eacb2c87-4a3a-4ca1-bbe7-9f8f31167e8c,2.0,,,,,,,,,,,,,,,,,,Patient 4,,,,,,,,,"(6.3, 1.5, -1.1)",,,"(-7.9, 0.0, -27.0)",
PLAYER_POSITIONS,49078,9/7/2025 11:40:14 AM,eacb2c87-4a3a-4ca1-bbe7-9f8f31167e8c,2.0,,,,,,,,,,,,,,,,,,,,,,,,,,,,,"(-1.8, 1.2, -28.2)","(-1.6, 1.5, -28.1)","(-1.7, 1.2, -28.0)",
PLAYER_GAZE,49078,9/7/2025 11:40:14 AM,eacb2c87-4a3a-4ca1-bbe7-9f8f31167e8c,2.0,,,,,,,,,,,,,,,,,,Patient 4,,,,,,,,,"(6.3, 1.5, -1.1)",,,"(-7.9, 0.0, -27.0)",
PLAYER_POSITIONS,49590,9/7/2025 11:40:14 AM,eacb2c87-4a3a-4ca1-bbe7-9f8f31167e8c,2.0,,,,,,,,,,,,,,,,,,,,,,,,,,,,,"(-1.8, 1.2, -28.2)","(-1.6, 1.5, -28.1)","(-1.7, 1.2, -28.0)",
PLAYER_POSITIONS,49590,9/7/2025 11:40:14 AM,eacb2c87-4a3a-4ca1-bbe7-9f8f31167e8c,2.0,,,,,,,,,,,,,,,,,,,,,,,,,,,,,"(-1.8, 1.2, -28.2)","(-1.6, 1.5, -28.1)","(-1.7, 1.2, -28.0)",
VOICE_CAPTURE,49921,9/7/2025 11:40:15 AM,eacb2c87-4a3a-4ca1-bbe7-9f8f31167e8c,2.0,,,,,,,,,,,,,,,,,,,,,,,,,,,,,,,,,,,,,,,,,NA,if you can move back to a safe zone,
PLAYER_POSITIONS,50099,9/7/2025 11:40:15 AM,eacb2c87-4a3a-4ca1-bbe7-9f8f31167e8c,2.0,,,,,,,,,,,,,,,,,,,,,,,,,,,,,"(-1.8, 1.2, -28.2)","(-1.6, 1.5, -28.1)","(-1.7, 1.2, -28.0)",
PLAYER_GAZE,50099,9/7/2025 11:40:15 AM,eacb2c87-4a3a-4ca1-bbe7-9f8f31167e8c,2.0,,,,,,,,,,,,,,,,,,Patient 4,,,,,,,,,"(6.3, 1.5, -1.1)",,,"(-7.9, 0.0, -27.0)",
PLAYER_POSITIONS,50099,9/7/2025 11:40:15 AM,eacb2c87-4a3a-4ca1-bbe7-9f8f31167e8c,2.0,,,,,,,,,,,,,,,,,,,,,,,,,,,,,"(-1.8, 1.2, -28.2)","(-1.6, 1.5, -28.1)","(-1.7, 1.2, -28.0)",
PLAYER_GAZE,50099,9/7/2025 11:40:15 AM,eacb2c87-4a3a-4ca1-bbe7-9f8f31167e8c,2.0,,,,,,,,,,,,,,,,,,Patient 4,,,,,,,,,"(6.3, 1.5, -1.1)",,,"(-7.9, 0.0, -27.0)",
PLAYER_POSITIONS,50610,9/7/2025 11:40:15 AM,eacb2c87-4a3a-4ca1-bbe7-9f8f31167e8c,2.0,,,,,,,,,,,,,,,,,,,,,,,,,,,,,"(-1.8, 1.2, -28.2)","(-1.6, 1.5, -28.1)","(-1.7, 1.2, -28.0)",
PLAYER_POSITIONS,50610,9/7/2025 11:40:15 AM,eacb2c87-4a3a-4ca1-bbe7-9f8f31167e8c,2.0,,,,,,,,,,,,,,,,,,,,,,,,,,,,,"(-1.8, 1.2, -28.2)","(-1.6, 1.5, -28.1)","(-1.7, 1.2, -28.0)",
PLAYER_POSITIONS,51113,9/7/2025 11:40:16 AM,eacb2c87-4a3a-4ca1-bbe7-9f8f31167e8c,2.0,,,,,,,,,,,,,,,,,,,,,,,,,,,,,"(-1.8, 1.2, -28.2)","(-1.6, 1.5, -28.1)","(-1.7, 1.2, -28.0)",
PLAYER_POSITIONS,51113,9/7/2025 11:40:16 AM,eacb2c87-4a3a-4ca1-bbe7-9f8f31167e8c,2.0,,,,,,,,,,,,,,,,,,,,,,,,,,,,,"(-1.8, 1.2, -28.2)","(-1.6, 1.5, -28.1)","(-1.7, 1.2, -28.0)",
PLAYER_POSITIONS,51620,9/7/2025 11:40:16 AM,eacb2c87-4a3a-4ca1-bbe7-9f8f31167e8c,2.0,,,,,,,,,,,,,,,,,,,,,,,,,,,,,"(-1.8, 1.2, -28.2)","(-1.6, 1.5, -28.1)","(-1.7, 1.2, -28.0)",
PLAYER_POSITIONS,51620,9/7/2025 11:40:16 AM,eacb2c87-4a3a-4ca1-bbe7-9f8f31167e8c,2.0,,,,,,,,,,,,,,,,,,,,,,,,,,,,,"(-1.8, 1.2, -28.2)","(-1.6, 1.5, -28.1)","(-1.7, 1.2, -28.0)",
PLAYER_POSITIONS,52133,9/7/2025 11:40:17 AM,eacb2c87-4a3a-4ca1-bbe7-9f8f31167e8c,2.0,,,,,,,,,,,,,,,,,,,,,,,,,,,,,"(-1.8, 1.2, -28.2)","(-1.6, 1.5, -28.1)","(-1.7, 1.2, -28.0)",
PLAYER_GAZE,52133,9/7/2025 11:40:17 AM,eacb2c87-4a3a-4ca1-bbe7-9f8f31167e8c,2.0,,,,,,,,,,,,,,,,,,Patient 4,,,,,,,,,"(6.3, 1.5, -1.1)",,,"(-7.9, 0.0, -27.0)",
PLAYER_POSITIONS,52133,9/7/2025 11:40:17 AM,eacb2c87-4a3a-4ca1-bbe7-9f8f31167e8c,2.0,,,,,,,,,,,,,,,,,,,,,,,,,,,,,"(-1.8, 1.2, -28.2)","(-1.6, 1.5, -28.1)","(-1.7, 1.2, -28.0)",
PLAYER_GAZE,52133,9/7/2025 11:40:17 AM,eacb2c87-4a3a-4ca1-bbe7-9f8f31167e8c,2.0,,,,,,,,,,,,,,,,,,Patient 4,,,,,,,,,"(6.3, 1.5, -1.1)",,,"(-7.9, 0.0, -27.0)",
PLAYER_POSITIONS,52641,9/7/2025 11:40:17 AM,eacb2c87-4a3a-4ca1-bbe7-9f8f31167e8c,2.0,,,,,,,,,,,,,,,,,,,,,,,,,,,,,"(-1.8, 1.2, -28.2)","(-1.6, 1.5, -28.1)","(-1.7, 1.2, -28.0)",
PLAYER_POSITIONS,52641,9/7/2025 11:40:17 AM,eacb2c87-4a3a-4ca1-bbe7-9f8f31167e8c,2.0,,,,,,,,,,,,,,,,,,,,,,,,,,,,,"(-1.8, 1.2, -28.2)","(-1.6, 1.5, -28.1)","(-1.7, 1.2, -28.0)",
PLAYER_POSITIONS,53152,9/7/2025 11:40:18 AM,eacb2c87-4a3a-4ca1-bbe7-9f8f31167e8c,2.0,,,,,,,,,,,,,,,,,,,,,,,,,,,,,"(-1.8, 1.2, -28.1)","(-1.6, 1.5, -28.1)","(-1.7, 1.2, -28.0)",
PLAYER_POSITIONS,53152,9/7/2025 11:40:18 AM,eacb2c87-4a3a-4ca1-bbe7-9f8f31167e8c,2.0,,,,,,,,,,,,,,,,,,,,,,,,,,,,,"(-1.8, 1.2, -28.1)","(-1.6, 1.5, -28.1)","(-1.7, 1.2, -28.0)",
PLAYER_POSITIONS,53661,9/7/2025 11:40:18 AM,eacb2c87-4a3a-4ca1-bbe7-9f8f31167e8c,2.0,,,,,,,,,,,,,,,,,,,,,,,,,,,,,"(-1.8, 1.2, -28.1)","(-1.6, 1.5, -28.1)","(-1.7, 1.2, -27.9)",
PLAYER_POSITIONS,53661,9/7/2025 11:40:18 AM,eacb2c87-4a3a-4ca1-bbe7-9f8f31167e8c,2.0,,,,,,,,,,,,,,,,,,,,,,,,,,,,,"(-1.8, 1.2, -28.1)","(-1.6, 1.5, -28.1)","(-1.7, 1.2, -27.9)",
VOICE_CAPTURE,54015,9/7/2025 11:40:19 AM,eacb2c87-4a3a-4ca1-bbe7-9f8f31167e8c,2.0,,,,,,,,,,,,,,,,,,,,,,,,,,,,,,,,,,,,,,,,,NA,I'm scared I'm gonna hit something,
PLAYER_POSITIONS,54162,9/7/2025 11:40:19 AM,eacb2c87-4a3a-4ca1-bbe7-9f8f31167e8c,2.0,,,,,,,,,,,,,,,,,,,,,,,,,,,,,"(-1.8, 1.2, -28.1)","(-1.7, 1.5, -28.0)","(-1.8, 1.2, -27.9)",
PLAYER_POSITIONS,54162,9/7/2025 11:40:19 AM,eacb2c87-4a3a-4ca1-bbe7-9f8f31167e8c,2.0,,,,,,,,,,,,,,,,,,,,,,,,,,,,,"(-1.8, 1.2, -28.1)","(-1.7, 1.5, -28.0)","(-1.8, 1.2, -27.9)",
PLAYER_POSITIONS,54665,9/7/2025 11:40:19 AM,eacb2c87-4a3a-4ca1-bbe7-9f8f31167e8c,2.0,,,,,,,,,,,,,,,,,,,,,,,,,,,,,"(-2.0, 1.2, -28.1)","(-1.8, 1.5, -28.0)","(-1.9, 1.2, -27.9)",
PLAYER_POSITIONS,54665,9/7/2025 11:40:19 AM,eacb2c87-4a3a-4ca1-bbe7-9f8f31167e8c,2.0,,,,,,,,,,,,,,,,,,,,,,,,,,,,,"(-2.0, 1.2, -28.1)","(-1.8, 1.5, -28.0)","(-1.9, 1.2, -27.9)",
PLAYER_POSITIONS,55171,9/7/2025 11:40:20 AM,eacb2c87-4a3a-4ca1-bbe7-9f8f31167e8c,2.0,,,,,,,,,,,,,,,,,,,,,,,,,,,,,"(-2.1, 1.2, -28.1)","(-1.9, 1.5, -28.1)","(-2.0, 1.2, -27.9)",
PLAYER_POSITIONS,55171,9/7/2025 11:40:20 AM,eacb2c87-4a3a-4ca1-bbe7-9f8f31167e8c,2.0,,,,,,,,,,,,,,,,,,,,,,,,,,,,,"(-2.1, 1.2, -28.1)","(-1.9, 1.5, -28.1)","(-2.0, 1.2, -27.9)",
PLAYER_POSITIONS,55687,9/7/2025 11:40:20 AM,eacb2c87-4a3a-4ca1-bbe7-9f8f31167e8c,2.0,,,,,,,,,,,,,,,,,,,,,,,,,,,,,"(-2.1, 1.3, -28.1)","(-2.0, 1.6, -28.1)","(-2.1, 1.2, -27.9)",
PLAYER_POSITIONS,55687,9/7/2025 11:40:20 AM,eacb2c87-4a3a-4ca1-bbe7-9f8f31167e8c,2.0,,,,,,,,,,,,,,,,,,,,,,,,,,,,,"(-2.1, 1.3, -28.1)","(-2.0, 1.6, -28.1)","(-2.1, 1.2, -27.9)",
VOICE_CAPTURE,56170,9/7/2025 11:40:21 AM,eacb2c87-4a3a-4ca1-bbe7-9f8f31167e8c,2.0,,,,,,,,,,,,,,,,,,,,,,,,,,,,,,,,,,,,,,,,,NA,no blue wall,
PLAYER_POSITIONS,56187,9/7/2025 11:40:21 AM,eacb2c87-4a3a-4ca1-bbe7-9f8f31167e8c,2.0,,,,,,,,,,,,,,,,,,,,,,,,,,,,,"(-2.2, 1.3, -28.1)","(-2.0, 1.6, -28.1)","(-2.1, 1.2, -27.9)",
PLAYER_POSITIONS,56187,9/7/2025 11:40:21 AM,eacb2c87-4a3a-4ca1-bbe7-9f8f31167e8c,2.0,,,,,,,,,,,,,,,,,,,,,,,,,,,,,"(-2.2, 1.3, -28.1)","(-2.0, 1.6, -28.1)","(-2.1, 1.2, -27.9)",
PLAYER_POSITIONS,56692,9/7/2025 11:40:21 AM,eacb2c87-4a3a-4ca1-bbe7-9f8f31167e8c,2.0,,,,,,,,,,,,,,,,,,,,,,,,,,,,,"(-2.2, 1.3, -28.1)","(-2.1, 1.6, -28.1)","(-2.2, 1.2, -28.0)",
PLAYER_POSITIONS,56692,9/7/2025 11:40:21 AM,eacb2c87-4a3a-4ca1-bbe7-9f8f31167e8c,2.0,,,,,,,,,,,,,,,,,,,,,,,,,,,,,"(-2.2, 1.3, -28.1)","(-2.1, 1.6, -28.1)","(-2.2, 1.2, -28.0)",
PLAYER_POSITIONS,57197,9/7/2025 11:40:22 AM,eacb2c87-4a3a-4ca1-bbe7-9f8f31167e8c,2.0,,,,,,,,,,,,,,,,,,,,,,,,,,,,,"(-2.3, 1.3, -28.1)","(-2.1, 1.6, -28.1)","(-2.2, 1.2, -28.0)",
PLAYER_POSITIONS,57197,9/7/2025 11:40:22 AM,eacb2c87-4a3a-4ca1-bbe7-9f8f31167e8c,2.0,,,,,,,,,,,,,,,,,,,,,,,,,,,,,"(-2.3, 1.3, -28.1)","(-2.1, 1.6, -28.1)","(-2.2, 1.2, -28.0)",
PLAYER_POSITIONS,57713,9/7/2025 11:40:22 AM,eacb2c87-4a3a-4ca1-bbe7-9f8f31167e8c,2.0,,,,,,,,,,,,,,,,,,,,,,,,,,,,,"(-2.3, 1.3, -28.1)","(-2.2, 1.5, -28.0)","(-2.3, 1.2, -27.9)",
PLAYER_POSITIONS,57713,9/7/2025 11:40:22 AM,eacb2c87-4a3a-4ca1-bbe7-9f8f31167e8c,2.0,,,,,,,,,,,,,,,,,,,,,,,,,,,,,"(-2.3, 1.3, -28.1)","(-2.2, 1.5, -28.0)","(-2.3, 1.2, -27.9)",
TELEPORT,57904,9/7/2025 11:40:23 AM,eacb2c87-4a3a-4ca1-bbe7-9f8f31167e8c,2.0,,,,,,,,,,,,,,,,,,,,,,,,,,,,,,"(-2.2, 1.5, -28.1)",,,"(-2.2, 1.6, -28.0)",
VOICE_CAPTURE,57926,9/7/2025 11:40:23 AM,eacb2c87-4a3a-4ca1-bbe7-9f8f31167e8c,2.0,,,,,,,,,,,,,,,,,,,,,,,,,,,,,,,,,,,,,,,,,NA,no,
PLAYER_POSITIONS,58216,9/7/2025 11:40:23 AM,eacb2c87-4a3a-4ca1-bbe7-9f8f31167e8c,2.0,,,,,,,,,,,,,,,,,,,,,,,,,,,,,"(-2.4, 1.3, -28.1)","(-2.2, 1.5, -28.0)","(-2.3, 1.2, -27.9)",
PLAYER_POSITIONS,58216,9/7/2025 11:40:23 AM,eacb2c87-4a3a-4ca1-bbe7-9f8f31167e8c,2.0,,,,,,,,,,,,,,,,,,,,,,,,,,,,,"(-2.4, 1.3, -28.1)","(-2.2, 1.5, -28.0)","(-2.3, 1.2, -27.9)",
PLAYER_POSITIONS,58730,9/7/2025 11:40:23 AM,eacb2c87-4a3a-4ca1-bbe7-9f8f31167e8c,2.0,,,,,,,,,,,,,,,,,,,,,,,,,,,,,"(-2.4, 1.2, -28.1)","(-2.2, 1.5, -28.0)","(-2.3, 1.2, -27.9)",
PLAYER_POSITIONS,58730,9/7/2025 11:40:23 AM,eacb2c87-4a3a-4ca1-bbe7-9f8f31167e8c,2.0,,,,,,,,,,,,,,,,,,,,,,,,,,,,,"(-2.4, 1.2, -28.1)","(-2.2, 1.5, -28.0)","(-2.3, 1.2, -27.9)",
PLAYER_POSITIONS,59232,9/7/2025 11:40:24 AM,eacb2c87-4a3a-4ca1-bbe7-9f8f31167e8c,2.0,,,,,,,,,,,,,,,,,,,,,,,,,,,,,"(-2.4, 1.3, -28.1)","(-2.2, 1.5, -28.0)","(-2.3, 1.2, -27.9)",
PLAYER_POSITIONS,59232,9/7/2025 11:40:24 AM,eacb2c87-4a3a-4ca1-bbe7-9f8f31167e8c,2.0,,,,,,,,,,,,,,,,,,,,,,,,,,,,,"(-2.4, 1.3, -28.1)","(-2.2, 1.5, -28.0)","(-2.3, 1.2, -27.9)",
PLAYER_POSITIONS,59746,9/7/2025 11:40:25 AM,eacb2c87-4a3a-4ca1-bbe7-9f8f31167e8c,2.0,,,,,,,,,,,,,,,,,,,,,,,,,,,,,"(-2.3, 1.3, -28.1)","(-2.1, 1.6, -28.1)","(-2.3, 1.2, -27.9)",
PLAYER_POSITIONS,59746,9/7/2025 11:40:25 AM,eacb2c87-4a3a-4ca1-bbe7-9f8f31167e8c,2.0,,,,,,,,,,,,,,,,,,,,,,,,,,,,,"(-2.3, 1.3, -28.1)","(-2.1, 1.6, -28.1)","(-2.3, 1.2, -27.9)",
PLAYER_POSITIONS,60267,9/7/2025 11:40:25 AM,eacb2c87-4a3a-4ca1-bbe7-9f8f31167e8c,2.0,,,,,,,,,,,,,,,,,,,,,,,,,,,,,"(-2.2, 1.3, -28.2)","(-2.0, 1.6, -28.1)","(-2.2, 1.3, -27.9)",
PLAYER_POSITIONS,60267,9/7/2025 11:40:25 AM,eacb2c87-4a3a-4ca1-bbe7-9f8f31167e8c,2.0,,,,,,,,,,,,,,,,,,,,,,,,,,,,,"(-2.2, 1.3, -28.2)","(-2.0, 1.6, -28.1)","(-2.2, 1.3, -27.9)",
PLAYER_POSITIONS,60768,9/7/2025 11:40:26 AM,eacb2c87-4a3a-4ca1-bbe7-9f8f31167e8c,2.0,,,,,,,,,,,,,,,,,,,,,,,,,,,,,"(-2.2, 1.3, -28.1)","(-2.0, 1.6, -28.0)","(-2.2, 1.3, -27.9)",
PLAYER_POSITIONS,60768,9/7/2025 11:40:26 AM,eacb2c87-4a3a-4ca1-bbe7-9f8f31167e8c,2.0,,,,,,,,,,,,,,,,,,,,,,,,,,,,,"(-2.2, 1.3, -28.1)","(-2.0, 1.6, -28.0)","(-2.2, 1.3, -27.9)",
PLAYER_POSITIONS,61289,9/7/2025 11:40:26 AM,eacb2c87-4a3a-4ca1-bbe7-9f8f31167e8c,2.0,,,,,,,,,,,,,,,,,,,,,,,,,,,,,"(-2.2, 1.3, -28.1)","(-2.0, 1.6, -28.0)","(-2.1, 1.3, -27.8)",
PLAYER_POSITIONS,61289,9/7/2025 11:40:26 AM,eacb2c87-4a3a-4ca1-bbe7-9f8f31167e8c,2.0,,,,,,,,,,,,,,,,,,,,,,,,,,,,,"(-2.2, 1.3, -28.1)","(-2.0, 1.6, -28.0)","(-2.1, 1.3, -27.8)",
PLAYER_POSITIONS,61801,9/7/2025 11:40:27 AM,eacb2c87-4a3a-4ca1-bbe7-9f8f31167e8c,2.0,,,,,,,,,,,,,,,,,,,,,,,,,,,,,"(-2.2, 1.3, -28.1)","(-2.0, 1.6, -28.0)","(-2.1, 1.3, -27.8)",
PLAYER_POSITIONS,61801,9/7/2025 11:40:27 AM,eacb2c87-4a3a-4ca1-bbe7-9f8f31167e8c,2.0,,,,,,,,,,,,,,,,,,,,,,,,,,,,,"(-2.2, 1.3, -28.1)","(-2.0, 1.6, -28.0)","(-2.1, 1.3, -27.8)",
PLAYER_POSITIONS,62322,9/7/2025 11:40:27 AM,eacb2c87-4a3a-4ca1-bbe7-9f8f31167e8c,2.0,,,,,,,,,,,,,,,,,,,,,,,,,,,,,"(-2.2, 1.3, -28.1)","(-2.0, 1.6, -28.0)","(-2.1, 1.3, -27.8)",
PLAYER_POSITIONS,62322,9/7/2025 11:40:27 AM,eacb2c87-4a3a-4ca1-bbe7-9f8f31167e8c,2.0,,,,,,,,,,,,,,,,,,,,,,,,,,,,,"(-2.2, 1.3, -28.1)","(-2.0, 1.6, -28.0)","(-2.1, 1.3, -27.8)",
PLAYER_POSITIONS,62832,9/7/2025 11:40:28 AM,eacb2c87-4a3a-4ca1-bbe7-9f8f31167e8c,2.0,,,,,,,,,,,,,,,,,,,,,,,,,,,,,"(-2.2, 1.3, -28.1)","(-2.0, 1.6, -28.0)","(-2.1, 1.3, -27.8)",
PLAYER_POSITIONS,62832,9/7/2025 11:40:28 AM,eacb2c87-4a3a-4ca1-bbe7-9f8f31167e8c,2.0,,,,,,,,,,,,,,,,,,,,,,,,,,,,,"(-2.2, 1.3, -28.1)","(-2.0, 1.6, -28.0)","(-2.1, 1.3, -27.8)",
PLAYER_POSITIONS,63344,9/7/2025 11:40:28 AM,eacb2c87-4a3a-4ca1-bbe7-9f8f31167e8c,2.0,,,,,,,,,,,,,,,,,,,,,,,,,,,,,"(-2.2, 1.3, -28.1)","(-2.0, 1.6, -28.0)","(-2.1, 1.3, -27.8)",
PLAYER_POSITIONS,63344,9/7/2025 11:40:28 AM,eacb2c87-4a3a-4ca1-bbe7-9f8f31167e8c,2.0,,,,,,,,,,,,,,,,,,,,,,,,,,,,,"(-2.2, 1.3, -28.1)","(-2.0, 1.6, -28.0)","(-2.1, 1.3, -27.8)",
PLAYER_POSITIONS,63844,9/7/2025 11:40:29 AM,eacb2c87-4a3a-4ca1-bbe7-9f8f31167e8c,2.0,,,,,,,,,,,,,,,,,,,,,,,,,,,,,"(-2.0, 1.3, -28.1)","(-1.8, 1.6, -28.0)","(-2.0, 1.3, -27.9)",
PLAYER_POSITIONS,63844,9/7/2025 11:40:29 AM,eacb2c87-4a3a-4ca1-bbe7-9f8f31167e8c,2.0,,,,,,,,,,,,,,,,,,,,,,,,,,,,,"(-2.0, 1.3, -28.1)","(-1.8, 1.6, -28.0)","(-2.0, 1.3, -27.9)",
PLAYER_POSITIONS,64348,9/7/2025 11:40:29 AM,eacb2c87-4a3a-4ca1-bbe7-9f8f31167e8c,2.0,,,,,,,,,,,,,,,,,,,,,,,,,,,,,"(-1.8, 1.3, -28.2)","(-1.5, 1.5, -28.1)","(-1.8, 1.3, -27.9)",
PLAYER_POSITIONS,64348,9/7/2025 11:40:29 AM,eacb2c87-4a3a-4ca1-bbe7-9f8f31167e8c,2.0,,,,,,,,,,,,,,,,,,,,,,,,,,,,,"(-1.8, 1.3, -28.2)","(-1.5, 1.5, -28.1)","(-1.8, 1.3, -27.9)",
PLAYER_POSITIONS,64867,9/7/2025 11:40:30 AM,eacb2c87-4a3a-4ca1-bbe7-9f8f31167e8c,2.0,,,,,,,,,,,,,,,,,,,,,,,,,,,,,"(-1.5, 1.3, -28.3)","(-1.2, 1.6, -28.1)","(-1.4, 1.3, -28.0)",
PLAYER_POSITIONS,64867,9/7/2025 11:40:30 AM,eacb2c87-4a3a-4ca1-bbe7-9f8f31167e8c,2.0,,,,,,,,,,,,,,,,,,,,,,,,,,,,,"(-1.5, 1.3, -28.3)","(-1.2, 1.6, -28.1)","(-1.4, 1.3, -28.0)",
VOICE_CAPTURE,65368,9/7/2025 11:40:30 AM,eacb2c87-4a3a-4ca1-bbe7-9f8f31167e8c,2.0,,,,,,,,,,,,,,,,,,,,,,,,,,,,,,,,,,,,,,,,,NA,I'm scared,
PLAYER_POSITIONS,65370,9/7/2025 11:40:30 AM,eacb2c87-4a3a-4ca1-bbe7-9f8f31167e8c,2.0,,,,,,,,,,,,,,,,,,,,,,,,,,,,,"(-1.1, 1.3, -28.3)","(-0.9, 1.6, -28.2)","(-1.1, 1.3, -28.0)",
PLAYER_POSITIONS,65370,9/7/2025 11:40:30 AM,eacb2c87-4a3a-4ca1-bbe7-9f8f31167e8c,2.0,,,,,,,,,,,,,,,,,,,,,,,,,,,,,"(-1.1, 1.3, -28.3)","(-0.9, 1.6, -28.2)","(-1.1, 1.3, -28.0)",
PLAYER_POSITIONS,65876,9/7/2025 11:40:31 AM,eacb2c87-4a3a-4ca1-bbe7-9f8f31167e8c,2.0,,,,,,,,,,,,,,,,,,,,,,,,,,,,,"(-0.8, 1.3, -28.4)","(-0.6, 1.6, -28.3)","(-0.8, 1.3, -28.1)",
PLAYER_POSITIONS,65876,9/7/2025 11:40:31 AM,eacb2c87-4a3a-4ca1-bbe7-9f8f31167e8c,2.0,,,,,,,,,,,,,,,,,,,,,,,,,,,,,"(-0.8, 1.3, -28.4)","(-0.6, 1.6, -28.3)","(-0.8, 1.3, -28.1)",
PLAYER_POSITIONS,66387,9/7/2025 11:40:31 AM,eacb2c87-4a3a-4ca1-bbe7-9f8f31167e8c,2.0,,,,,,,,,,,,,,,,,,,,,,,,,,,,,"(-0.4, 1.3, -28.4)","(-0.2, 1.6, -28.2)","(-0.4, 1.2, -28.1)",
PLAYER_POSITIONS,66387,9/7/2025 11:40:31 AM,eacb2c87-4a3a-4ca1-bbe7-9f8f31167e8c,2.0,,,,,,,,,,,,,,,,,,,,,,,,,,,,,"(-0.4, 1.3, -28.4)","(-0.2, 1.6, -28.2)","(-0.4, 1.2, -28.1)",
PLAYER_POSITIONS,66897,9/7/2025 11:40:32 AM,eacb2c87-4a3a-4ca1-bbe7-9f8f31167e8c,2.0,,,,,,,,,,,,,,,,,,,,,,,,,,,,,"(-0.1, 1.2, -28.5)","(0.2, 1.6, -28.4)","(0.0, 1.2, -28.2)",
PLAYER_POSITIONS,66897,9/7/2025 11:40:32 AM,eacb2c87-4a3a-4ca1-bbe7-9f8f31167e8c,2.0,,,,,,,,,,,,,,,,,,,,,,,,,,,,,"(-0.1, 1.2, -28.5)","(0.2, 1.6, -28.4)","(0.0, 1.2, -28.2)",
PLAYER_POSITIONS,67400,9/7/2025 11:40:32 AM,eacb2c87-4a3a-4ca1-bbe7-9f8f31167e8c,2.0,,,,,,,,,,,,,,,,,,,,,,,,,,,,,"(0.2, 1.3, -28.6)","(0.5, 1.6, -28.4)","(0.3, 1.2, -28.2)",
PLAYER_POSITIONS,67400,9/7/2025 11:40:32 AM,eacb2c87-4a3a-4ca1-bbe7-9f8f31167e8c,2.0,,,,,,,,,,,,,,,,,,,,,,,,,,,,,"(0.2, 1.3, -28.6)","(0.5, 1.6, -28.4)","(0.3, 1.2, -28.2)",
PLAYER_POSITIONS,67919,9/7/2025 11:40:33 AM,eacb2c87-4a3a-4ca1-bbe7-9f8f31167e8c,2.0,,,,,,,,,,,,,,,,,,,,,,,,,,,,,"(0.5, 1.3, -28.6)","(0.7, 1.6, -28.4)","(0.5, 1.2, -28.3)",
PLAYER_POSITIONS,67919,9/7/2025 11:40:33 AM,eacb2c87-4a3a-4ca1-bbe7-9f8f31167e8c,2.0,,,,,,,,,,,,,,,,,,,,,,,,,,,,,"(0.5, 1.3, -28.6)","(0.7, 1.6, -28.4)","(0.5, 1.2, -28.3)",
PLAYER_POSITIONS,68432,9/7/2025 11:40:33 AM,eacb2c87-4a3a-4ca1-bbe7-9f8f31167e8c,2.0,,,,,,,,,,,,,,,,,,,,,,,,,,,,,"(0.5, 1.3, -28.6)","(0.7, 1.6, -28.4)","(0.6, 1.2, -28.3)",
PLAYER_POSITIONS,68432,9/7/2025 11:40:33 AM,eacb2c87-4a3a-4ca1-bbe7-9f8f31167e8c,2.0,,,,,,,,,,,,,,,,,,,,,,,,,,,,,"(0.5, 1.3, -28.6)","(0.7, 1.6, -28.4)","(0.6, 1.2, -28.3)",
PLAYER_POSITIONS,68935,9/7/2025 11:40:34 AM,eacb2c87-4a3a-4ca1-bbe7-9f8f31167e8c,2.0,,,,,,,,,,,,,,,,,,,,,,,,,,,,,"(0.6, 1.3, -28.6)","(0.8, 1.6, -28.4)","(0.6, 1.3, -28.3)",
PLAYER_POSITIONS,68935,9/7/2025 11:40:34 AM,eacb2c87-4a3a-4ca1-bbe7-9f8f31167e8c,2.0,,,,,,,,,,,,,,,,,,,,,,,,,,,,,"(0.6, 1.3, -28.6)","(0.8, 1.6, -28.4)","(0.6, 1.3, -28.3)",
PLAYER_POSITIONS,69443,9/7/2025 11:40:34 AM,eacb2c87-4a3a-4ca1-bbe7-9f8f31167e8c,2.0,,,,,,,,,,,,,,,,,,,,,,,,,,,,,"(0.6, 1.3, -28.6)","(0.8, 1.6, -28.4)","(0.6, 1.3, -28.3)",
PLAYER_POSITIONS,69443,9/7/2025 11:40:34 AM,eacb2c87-4a3a-4ca1-bbe7-9f8f31167e8c,2.0,,,,,,,,,,,,,,,,,,,,,,,,,,,,,"(0.6, 1.3, -28.6)","(0.8, 1.6, -28.4)","(0.6, 1.3, -28.3)",
PLAYER_POSITIONS,69952,9/7/2025 11:40:35 AM,eacb2c87-4a3a-4ca1-bbe7-9f8f31167e8c,2.0,,,,,,,,,,,,,,,,,,,,,,,,,,,,,"(0.6, 1.3, -28.6)","(0.8, 1.6, -28.4)","(0.6, 1.3, -28.3)",
PLAYER_POSITIONS,69952,9/7/2025 11:40:35 AM,eacb2c87-4a3a-4ca1-bbe7-9f8f31167e8c,2.0,,,,,,,,,,,,,,,,,,,,,,,,,,,,,"(0.6, 1.3, -28.6)","(0.8, 1.6, -28.4)","(0.6, 1.3, -28.3)",
PLAYER_POSITIONS,70467,9/7/2025 11:40:35 AM,eacb2c87-4a3a-4ca1-bbe7-9f8f31167e8c,2.0,,,,,,,,,,,,,,,,,,,,,,,,,,,,,"(0.6, 1.3, -28.6)","(0.8, 1.6, -28.4)","(0.7, 1.3, -28.3)",
PLAYER_POSITIONS,70467,9/7/2025 11:40:35 AM,eacb2c87-4a3a-4ca1-bbe7-9f8f31167e8c,2.0,,,,,,,,,,,,,,,,,,,,,,,,,,,,,"(0.6, 1.3, -28.6)","(0.8, 1.6, -28.4)","(0.7, 1.3, -28.3)",
PLAYER_POSITIONS,70979,9/7/2025 11:40:36 AM,eacb2c87-4a3a-4ca1-bbe7-9f8f31167e8c,2.0,,,,,,,,,,,,,,,,,,,,,,,,,,,,,"(0.6, 1.3, -28.6)","(0.8, 1.6, -28.4)","(0.7, 1.3, -28.3)",
PLAYER_POSITIONS,70979,9/7/2025 11:40:36 AM,eacb2c87-4a3a-4ca1-bbe7-9f8f31167e8c,2.0,,,,,,,,,,,,,,,,,,,,,,,,,,,,,"(0.6, 1.3, -28.6)","(0.8, 1.6, -28.4)","(0.7, 1.3, -28.3)",
PLAYER_POSITIONS,71489,9/7/2025 11:40:36 AM,eacb2c87-4a3a-4ca1-bbe7-9f8f31167e8c,2.0,,,,,,,,,,,,,,,,,,,,,,,,,,,,,"(0.6, 1.3, -28.6)","(0.8, 1.6, -28.4)","(0.7, 1.3, -28.3)",
PLAYER_POSITIONS,71489,9/7/2025 11:40:36 AM,eacb2c87-4a3a-4ca1-bbe7-9f8f31167e8c,2.0,,,,,,,,,,,,,,,,,,,,,,,,,,,,,"(0.6, 1.3, -28.6)","(0.8, 1.6, -28.4)","(0.7, 1.3, -28.3)",
PLAYER_POSITIONS,71997,9/7/2025 11:40:37 AM,eacb2c87-4a3a-4ca1-bbe7-9f8f31167e8c,2.0,,,,,,,,,,,,,,,,,,,,,,,,,,,,,"(0.6, 1.3, -28.6)","(0.8, 1.6, -28.4)","(0.7, 1.3, -28.3)",
PLAYER_POSITIONS,71997,9/7/2025 11:40:37 AM,eacb2c87-4a3a-4ca1-bbe7-9f8f31167e8c,2.0,,,,,,,,,,,,,,,,,,,,,,,,,,,,,"(0.6, 1.3, -28.6)","(0.8, 1.6, -28.4)","(0.7, 1.3, -28.3)",
PLAYER_POSITIONS,72502,9/7/2025 11:40:37 AM,eacb2c87-4a3a-4ca1-bbe7-9f8f31167e8c,2.0,,,,,,,,,,,,,,,,,,,,,,,,,,,,,"(0.6, 1.3, -28.6)","(0.8, 1.6, -28.4)","(0.7, 1.3, -28.3)",
PLAYER_POSITIONS,72502,9/7/2025 11:40:37 AM,eacb2c87-4a3a-4ca1-bbe7-9f8f31167e8c,2.0,,,,,,,,,,,,,,,,,,,,,,,,,,,,,"(0.6, 1.3, -28.6)","(0.8, 1.6, -28.4)","(0.7, 1.3, -28.3)",
PLAYER_POSITIONS,73011,9/7/2025 11:40:38 AM,eacb2c87-4a3a-4ca1-bbe7-9f8f31167e8c,2.0,,,,,,,,,,,,,,,,,,,,,,,,,,,,,"(0.6, 1.3, -28.6)","(0.8, 1.6, -28.4)","(0.7, 1.3, -28.3)",
PLAYER_POSITIONS,73011,9/7/2025 11:40:38 AM,eacb2c87-4a3a-4ca1-bbe7-9f8f31167e8c,2.0,,,,,,,,,,,,,,,,,,,,,,,,,,,,,"(0.6, 1.3, -28.6)","(0.8, 1.6, -28.4)","(0.7, 1.3, -28.3)",
PLAYER_POSITIONS,73523,9/7/2025 11:40:38 AM,eacb2c87-4a3a-4ca1-bbe7-9f8f31167e8c,2.0,,,,,,,,,,,,,,,,,,,,,,,,,,,,,"(0.6, 1.3, -28.6)","(0.8, 1.6, -28.4)","(0.7, 1.3, -28.3)",
PLAYER_POSITIONS,73523,9/7/2025 11:40:38 AM,eacb2c87-4a3a-4ca1-bbe7-9f8f31167e8c,2.0,,,,,,,,,,,,,,,,,,,,,,,,,,,,,"(0.6, 1.3, -28.6)","(0.8, 1.6, -28.4)","(0.7, 1.3, -28.3)",
PLAYER_POSITIONS,74040,9/7/2025 11:40:39 AM,eacb2c87-4a3a-4ca1-bbe7-9f8f31167e8c,2.0,,,,,,,,,,,,,,,,,,,,,,,,,,,,,"(0.6, 1.3, -28.6)","(0.8, 1.6, -28.4)","(0.7, 1.3, -28.3)",
PLAYER_POSITIONS,74040,9/7/2025 11:40:39 AM,eacb2c87-4a3a-4ca1-bbe7-9f8f31167e8c,2.0,,,,,,,,,,,,,,,,,,,,,,,,,,,,,"(0.6, 1.3, -28.6)","(0.8, 1.6, -28.4)","(0.7, 1.3, -28.3)",
PLAYER_POSITIONS,74555,9/7/2025 11:40:39 AM,eacb2c87-4a3a-4ca1-bbe7-9f8f31167e8c,2.0,,,,,,,,,,,,,,,,,,,,,,,,,,,,,"(0.6, 1.3, -28.6)","(0.8, 1.6, -28.4)","(0.7, 1.3, -28.3)",
PLAYER_POSITIONS,74555,9/7/2025 11:40:39 AM,eacb2c87-4a3a-4ca1-bbe7-9f8f31167e8c,2.0,,,,,,,,,,,,,,,,,,,,,,,,,,,,,"(0.6, 1.3, -28.6)","(0.8, 1.6, -28.4)","(0.7, 1.3, -28.3)",
PLAYER_POSITIONS,75067,9/7/2025 11:40:40 AM,eacb2c87-4a3a-4ca1-bbe7-9f8f31167e8c,2.0,,,,,,,,,,,,,,,,,,,,,,,,,,,,,"(0.6, 1.3, -28.6)","(0.8, 1.6, -28.4)","(0.7, 1.3, -28.3)",
PLAYER_POSITIONS,75067,9/7/2025 11:40:40 AM,eacb2c87-4a3a-4ca1-bbe7-9f8f31167e8c,2.0,,,,,,,,,,,,,,,,,,,,,,,,,,,,,"(0.6, 1.3, -28.6)","(0.8, 1.6, -28.4)","(0.7, 1.3, -28.3)",
TELEPORT,75250,9/7/2025 11:40:40 AM,eacb2c87-4a3a-4ca1-bbe7-9f8f31167e8c,2.0,,,,,,,,,,,,,,,,,,,,,,,,,,,,,,"(0.8, 1.6, -28.4)",,,"(0.8, 1.6, -28.4)",
PLAYER_POSITIONS,75577,9/7/2025 11:40:40 AM,eacb2c87-4a3a-4ca1-bbe7-9f8f31167e8c,2.0,,,,,,,,,,,,,,,,,,,,,,,,,,,,,"(0.6, 1.3, -28.6)","(0.8, 1.6, -28.4)","(0.7, 1.3, -28.3)",
PLAYER_POSITIONS,75577,9/7/2025 11:40:40 AM,eacb2c87-4a3a-4ca1-bbe7-9f8f31167e8c,2.0,,,,,,,,,,,,,,,,,,,,,,,,,,,,,"(0.6, 1.3, -28.6)","(0.8, 1.6, -28.4)","(0.7, 1.3, -28.3)",
PLAYER_POSITIONS,76090,9/7/2025 11:40:41 AM,eacb2c87-4a3a-4ca1-bbe7-9f8f31167e8c,2.0,,,,,,,,,,,,,,,,,,,,,,,,,,,,,"(0.6, 1.3, -28.6)","(0.8, 1.6, -28.4)","(0.7, 1.3, -28.3)",
PLAYER_POSITIONS,76090,9/7/2025 11:40:41 AM,eacb2c87-4a3a-4ca1-bbe7-9f8f31167e8c,2.0,,,,,,,,,,,,,,,,,,,,,,,,,,,,,"(0.6, 1.3, -28.6)","(0.8, 1.6, -28.4)","(0.7, 1.3, -28.3)",
PLAYER_POSITIONS,76597,9/7/2025 11:40:41 AM,eacb2c87-4a3a-4ca1-bbe7-9f8f31167e8c,2.0,,,,,,,,,,,,,,,,,,,,,,,,,,,,,"(0.6, 1.3, -28.6)","(0.8, 1.6, -28.4)","(0.7, 1.3, -28.3)",
PLAYER_POSITIONS,76597,9/7/2025 11:40:41 AM,eacb2c87-4a3a-4ca1-bbe7-9f8f31167e8c,2.0,,,,,,,,,,,,,,,,,,,,,,,,,,,,,"(0.6, 1.3, -28.6)","(0.8, 1.6, -28.4)","(0.7, 1.3, -28.3)",
TELEPORT,76761,9/7/2025 11:40:42 AM,eacb2c87-4a3a-4ca1-bbe7-9f8f31167e8c,2.0,,,,,,,,,,,,,,,,,,,,,,,,,,,,,,"(0.8, 1.6, -28.4)",,,"(0.8, 1.6, -28.4)",
PLAYER_POSITIONS,77109,9/7/2025 11:40:42 AM,eacb2c87-4a3a-4ca1-bbe7-9f8f31167e8c,2.0,,,,,,,,,,,,,,,,,,,,,,,,,,,,,"(0.6, 1.3, -28.6)","(0.8, 1.6, -28.4)","(0.7, 1.3, -28.3)",
PLAYER_POSITIONS,77109,9/7/2025 11:40:42 AM,eacb2c87-4a3a-4ca1-bbe7-9f8f31167e8c,2.0,,,,,,,,,,,,,,,,,,,,,,,,,,,,,"(0.6, 1.3, -28.6)","(0.8, 1.6, -28.4)","(0.7, 1.3, -28.3)",
PLAYER_POSITIONS,77621,9/7/2025 11:40:42 AM,eacb2c87-4a3a-4ca1-bbe7-9f8f31167e8c,2.0,,,,,,,,,,,,,,,,,,,,,,,,,,,,,"(0.6, 1.3, -28.6)","(0.8, 1.6, -28.4)","(0.7, 1.3, -28.3)",
PLAYER_POSITIONS,77621,9/7/2025 11:40:42 AM,eacb2c87-4a3a-4ca1-bbe7-9f8f31167e8c,2.0,,,,,,,,,,,,,,,,,,,,,,,,,,,,,"(0.6, 1.3, -28.6)","(0.8, 1.6, -28.4)","(0.7, 1.3, -28.3)",
PLAYER_POSITIONS,78131,9/7/2025 11:40:43 AM,eacb2c87-4a3a-4ca1-bbe7-9f8f31167e8c,2.0,,,,,,,,,,,,,,,,,,,,,,,,,,,,,"(0.6, 1.3, -28.6)","(0.8, 1.6, -28.4)","(0.7, 1.3, -28.3)",
PLAYER_POSITIONS,78131,9/7/2025 11:40:43 AM,eacb2c87-4a3a-4ca1-bbe7-9f8f31167e8c,2.0,,,,,,,,,,,,,,,,,,,,,,,,,,,,,"(0.6, 1.3, -28.6)","(0.8, 1.6, -28.4)","(0.7, 1.3, -28.3)",
PLAYER_POSITIONS,78637,9/7/2025 11:40:43 AM,eacb2c87-4a3a-4ca1-bbe7-9f8f31167e8c,2.0,,,,,,,,,,,,,,,,,,,,,,,,,,,,,"(0.6, 1.3, -28.6)","(0.8, 1.6, -28.4)","(0.7, 1.3, -28.3)",
PLAYER_POSITIONS,78637,9/7/2025 11:40:43 AM,eacb2c87-4a3a-4ca1-bbe7-9f8f31167e8c,2.0,,,,,,,,,,,,,,,,,,,,,,,,,,,,,"(0.6, 1.3, -28.6)","(0.8, 1.6, -28.4)","(0.7, 1.3, -28.3)",
TELEPORT,78735,9/7/2025 11:40:43 AM,eacb2c87-4a3a-4ca1-bbe7-9f8f31167e8c,2.0,,,,,,,,,,,,,,,,,,,,,,,,,,,,,,"(0.8, 1.6, -28.4)",,,"(0.8, 1.6, -28.4)",
BUTTON_CLICKED,78918,9/7/2025 11:40:44 AM,eacb2c87-4a3a-4ca1-bbe7-9f8f31167e8c,2.0,walk,
VOICE_CAPTURE,78918,9/7/2025 11:40:44 AM,eacb2c87-4a3a-4ca1-bbe7-9f8f31167e8c,2.0,,,,,,,,,,,,,,,,,,,,,,,,,,,,,,,,,,,,,,,,,NA,walk,
VOICE_COMMAND,78918,9/7/2025 11:40:44 AM,eacb2c87-4a3a-4ca1-bbe7-9f8f31167e8c,2.0,,,,,,,,,,,,,,,,,,All Patients,,,,,,,,,,,,,,,,,,,,,,,walk,walk to the safe area,
PLAYER_POSITIONS,79152,9/7/2025 11:40:44 AM,eacb2c87-4a3a-4ca1-bbe7-9f8f31167e8c,2.0,,,,,,,,,,,,,,,,,,,,,,,,,,,,,"(0.6, 1.3, -28.6)","(0.8, 1.6, -28.4)","(0.7, 1.3, -28.3)",
PLAYER_POSITIONS,79152,9/7/2025 11:40:44 AM,eacb2c87-4a3a-4ca1-bbe7-9f8f31167e8c,2.0,,,,,,,,,,,,,,,,,,,,,,,,,,,,,"(0.6, 1.3, -28.6)","(0.8, 1.6, -28.4)","(0.7, 1.3, -28.3)",
PLAYER_POSITIONS,79661,9/7/2025 11:40:44 AM,eacb2c87-4a3a-4ca1-bbe7-9f8f31167e8c,2.0,,,,,,,,,,,,,,,,,,,,,,,,,,,,,"(0.6, 1.3, -28.6)","(0.8, 1.6, -28.4)","(0.7, 1.3, -28.3)",
PLAYER_POSITIONS,79661,9/7/2025 11:40:44 AM,eacb2c87-4a3a-4ca1-bbe7-9f8f31167e8c,2.0,,,,,,,,,,,,,,,,,,,,,,,,,,,,,"(0.6, 1.3, -28.6)","(0.8, 1.6, -28.4)","(0.7, 1.3, -28.3)",
PLAYER_POSITIONS,80162,9/7/2025 11:40:45 AM,eacb2c87-4a3a-4ca1-bbe7-9f8f31167e8c,2.0,,,,,,,,,,,,,,,,,,,,,,,,,,,,,"(0.6, 1.3, -28.6)","(0.8, 1.6, -28.4)","(0.7, 1.3, -28.3)",
PLAYER_POSITIONS,80162,9/7/2025 11:40:45 AM,eacb2c87-4a3a-4ca1-bbe7-9f8f31167e8c,2.0,,,,,,,,,,,,,,,,,,,,,,,,,,,,,"(0.6, 1.3, -28.6)","(0.8, 1.6, -28.4)","(0.7, 1.3, -28.3)",
PLAYER_POSITIONS,80679,9/7/2025 11:40:45 AM,eacb2c87-4a3a-4ca1-bbe7-9f8f31167e8c,2.0,,,,,,,,,,,,,,,,,,,,,,,,,,,,,"(0.6, 1.3, -28.5)","(0.8, 1.6, -28.4)","(0.7, 1.3, -28.2)",
PLAYER_POSITIONS,80679,9/7/2025 11:40:45 AM,eacb2c87-4a3a-4ca1-bbe7-9f8f31167e8c,2.0,,,,,,,,,,,,,,,,,,,,,,,,,,,,,"(0.6, 1.3, -28.5)","(0.8, 1.6, -28.4)","(0.7, 1.3, -28.2)",
PLAYER_POSITIONS,81201,9/7/2025 11:40:46 AM,eacb2c87-4a3a-4ca1-bbe7-9f8f31167e8c,2.0,,,,,,,,,,,,,,,,,,,,,,,,,,,,,"(0.5, 1.3, -28.5)","(0.7, 1.6, -28.3)","(0.6, 1.2, -28.2)",
PLAYER_POSITIONS,81201,9/7/2025 11:40:46 AM,eacb2c87-4a3a-4ca1-bbe7-9f8f31167e8c,2.0,,,,,,,,,,,,,,,,,,,,,,,,,,,,,"(0.5, 1.3, -28.5)","(0.7, 1.6, -28.3)","(0.6, 1.2, -28.2)",
PLAYER_POSITIONS,81713,9/7/2025 11:40:46 AM,eacb2c87-4a3a-4ca1-bbe7-9f8f31167e8c,2.0,,,,,,,,,,,,,,,,,,,,,,,,,,,,,"(0.3, 1.3, -28.5)","(0.4, 1.6, -28.4)","(0.3, 1.2, -28.2)",
PLAYER_POSITIONS,81713,9/7/2025 11:40:46 AM,eacb2c87-4a3a-4ca1-bbe7-9f8f31167e8c,2.0,,,,,,,,,,,,,,,,,,,,,,,,,,,,,"(0.3, 1.3, -28.5)","(0.4, 1.6, -28.4)","(0.3, 1.2, -28.2)",
PLAYER_POSITIONS,82225,9/7/2025 11:40:47 AM,eacb2c87-4a3a-4ca1-bbe7-9f8f31167e8c,2.0,,,,,,,,,,,,,,,,,,,,,,,,,,,,,"(0.1, 1.3, -28.5)","(0.2, 1.6, -28.4)","(0.1, 1.2, -28.2)",
PLAYER_POSITIONS,82225,9/7/2025 11:40:47 AM,eacb2c87-4a3a-4ca1-bbe7-9f8f31167e8c,2.0,,,,,,,,,,,,,,,,,,,,,,,,,,,,,"(0.1, 1.3, -28.5)","(0.2, 1.6, -28.4)","(0.1, 1.2, -28.2)",
PLAYER_POSITIONS,82735,9/7/2025 11:40:47 AM,eacb2c87-4a3a-4ca1-bbe7-9f8f31167e8c,2.0,,,,,,,,,,,,,,,,,,,,,,,,,,,,,"(-0.1, 1.3, -28.5)","(0.1, 1.6, -28.3)","(0.0, 1.2, -28.2)",
PLAYER_POSITIONS,82735,9/7/2025 11:40:47 AM,eacb2c87-4a3a-4ca1-bbe7-9f8f31167e8c,2.0,,,,,,,,,,,,,,,,,,,,,,,,,,,,,"(-0.1, 1.3, -28.5)","(0.1, 1.6, -28.3)","(0.0, 1.2, -28.2)",
PLAYER_POSITIONS,83258,9/7/2025 11:40:48 AM,eacb2c87-4a3a-4ca1-bbe7-9f8f31167e8c,2.0,,,,,,,,,,,,,,,,,,,,,,,,,,,,,"(-0.2, 1.3, -28.4)","(0.0, 1.6, -28.3)","(-0.1, 1.2, -28.1)",
PLAYER_POSITIONS,83258,9/7/2025 11:40:48 AM,eacb2c87-4a3a-4ca1-bbe7-9f8f31167e8c,2.0,,,,,,,,,,,,,,,,,,,,,,,,,,,,,"(-0.2, 1.3, -28.4)","(0.0, 1.6, -28.3)","(-0.1, 1.2, -28.1)",
PLAYER_POSITIONS,83780,9/7/2025 11:40:49 AM,eacb2c87-4a3a-4ca1-bbe7-9f8f31167e8c,2.0,,,,,,,,,,,,,,,,,,,,,,,,,,,,,"(-0.2, 1.3, -28.4)","(-0.1, 1.6, -28.2)","(-0.2, 1.2, -28.1)",
PLAYER_POSITIONS,83780,9/7/2025 11:40:49 AM,eacb2c87-4a3a-4ca1-bbe7-9f8f31167e8c,2.0,,,,,,,,,,,,,,,,,,,,,,,,,,,,,"(-0.2, 1.3, -28.4)","(-0.1, 1.6, -28.2)","(-0.2, 1.2, -28.1)",
TELEPORT,84179,9/7/2025 11:40:49 AM,eacb2c87-4a3a-4ca1-bbe7-9f8f31167e8c,2.0,,,,,,,,,,,,,,,,,,,,,,,,,,,,,,"(-0.1, 1.6, -28.2)",,,"(-0.1, 1.6, -28.2)",
PLAYER_POSITIONS,84283,9/7/2025 11:40:49 AM,eacb2c87-4a3a-4ca1-bbe7-9f8f31167e8c,2.0,,,,,,,,,,,,,,,,,,,,,,,,,,,,,"(-0.3, 1.3, -28.4)","(-0.1, 1.6, -28.2)","(-0.3, 1.2, -28.1)",
PLAYER_POSITIONS,84283,9/7/2025 11:40:49 AM,eacb2c87-4a3a-4ca1-bbe7-9f8f31167e8c,2.0,,,,,,,,,,,,,,,,,,,,,,,,,,,,,"(-0.3, 1.3, -28.4)","(-0.1, 1.6, -28.2)","(-0.3, 1.2, -28.1)",
PLAYER_POSITIONS,84794,9/7/2025 11:40:50 AM,eacb2c87-4a3a-4ca1-bbe7-9f8f31167e8c,2.0,,,,,,,,,,,,,,,,,,,,,,,,,,,,,"(-0.4, 1.3, -28.4)","(-0.3, 1.6, -28.3)","(-0.4, 1.2, -28.1)",
PLAYER_POSITIONS,84794,9/7/2025 11:40:50 AM,eacb2c87-4a3a-4ca1-bbe7-9f8f31167e8c,2.0,,,,,,,,,,,,,,,,,,,,,,,,,,,,,"(-0.4, 1.3, -28.4)","(-0.3, 1.6, -28.3)","(-0.4, 1.2, -28.1)",
PLAYER_POSITIONS,85300,9/7/2025 11:40:50 AM,eacb2c87-4a3a-4ca1-bbe7-9f8f31167e8c,2.0,,,,,,,,,,,,,,,,,,,,,,,,,,,,,"(-0.6, 1.3, -28.4)","(-0.4, 1.6, -28.3)","(-0.6, 1.2, -28.1)",
PLAYER_POSITIONS,85300,9/7/2025 11:40:50 AM,eacb2c87-4a3a-4ca1-bbe7-9f8f31167e8c,2.0,,,,,,,,,,,,,,,,,,,,,,,,,,,,,"(-0.6, 1.3, -28.4)","(-0.4, 1.6, -28.3)","(-0.6, 1.2, -28.1)",
TELEPORT,85367,9/7/2025 11:40:50 AM,eacb2c87-4a3a-4ca1-bbe7-9f8f31167e8c,2.0,,,,,,,,,,,,,,,,,,,,,,,,,,,,,,"(-0.4, 1.6, -28.3)",,,"(-0.4, 1.6, -28.3)",
PLAYER_POSITIONS,85812,9/7/2025 11:40:51 AM,eacb2c87-4a3a-4ca1-bbe7-9f8f31167e8c,2.0,,,,,,,,,,,,,,,,,,,,,,,,,,,,,"(-0.6, 1.3, -28.4)","(-0.4, 1.6, -28.3)","(-0.6, 1.2, -28.1)",
PLAYER_POSITIONS,85812,9/7/2025 11:40:51 AM,eacb2c87-4a3a-4ca1-bbe7-9f8f31167e8c,2.0,,,,,,,,,,,,,,,,,,,,,,,,,,,,,"(-0.6, 1.3, -28.4)","(-0.4, 1.6, -28.3)","(-0.6, 1.2, -28.1)",
PLAYER_POSITIONS,86322,9/7/2025 11:40:51 AM,eacb2c87-4a3a-4ca1-bbe7-9f8f31167e8c,2.0,,,,,,,,,,,,,,,,,,,,,,,,,,,,,"(-0.6, 1.3, -28.4)","(-0.4, 1.6, -28.3)","(-0.6, 1.2, -28.1)",
PLAYER_POSITIONS,86322,9/7/2025 11:40:51 AM,eacb2c87-4a3a-4ca1-bbe7-9f8f31167e8c,2.0,,,,,,,,,,,,,,,,,,,,,,,,,,,,,"(-0.6, 1.3, -28.4)","(-0.4, 1.6, -28.3)","(-0.6, 1.2, -28.1)",
PLAYER_POSITIONS,86824,9/7/2025 11:40:52 AM,eacb2c87-4a3a-4ca1-bbe7-9f8f31167e8c,2.0,,,,,,,,,,,,,,,,,,,,,,,,,,,,,"(-0.6, 1.3, -28.4)","(-0.4, 1.6, -28.3)","(-0.6, 1.2, -28.1)",
PLAYER_POSITIONS,86824,9/7/2025 11:40:52 AM,eacb2c87-4a3a-4ca1-bbe7-9f8f31167e8c,2.0,,,,,,,,,,,,,,,,,,,,,,,,,,,,,"(-0.6, 1.3, -28.4)","(-0.4, 1.6, -28.3)","(-0.6, 1.2, -28.1)",
PLAYER_POSITIONS,87330,9/7/2025 11:40:52 AM,eacb2c87-4a3a-4ca1-bbe7-9f8f31167e8c,2.0,,,,,,,,,,,,,,,,,,,,,,,,,,,,,"(-0.6, 1.3, -28.4)","(-0.4, 1.6, -28.3)","(-0.6, 1.2, -28.1)",
PLAYER_POSITIONS,87330,9/7/2025 11:40:52 AM,eacb2c87-4a3a-4ca1-bbe7-9f8f31167e8c,2.0,,,,,,,,,,,,,,,,,,,,,,,,,,,,,"(-0.6, 1.3, -28.4)","(-0.4, 1.6, -28.3)","(-0.6, 1.2, -28.1)",
PLAYER_POSITIONS,87845,9/7/2025 11:40:53 AM,eacb2c87-4a3a-4ca1-bbe7-9f8f31167e8c,2.0,,,,,,,,,,,,,,,,,,,,,,,,,,,,,"(-0.4, 1.3, -28.4)","(-0.2, 1.6, -28.3)","(-0.4, 1.2, -28.1)",
PLAYER_GAZE,87845,9/7/2025 11:40:53 AM,eacb2c87-4a3a-4ca1-bbe7-9f8f31167e8c,2.0,,,,,,,,,,,,,,,,,,Patient 2,,,,,,,,,"(11.3, 1.6, -1.0)",,,"(-11.5, 0.0, -27.3)",
PLAYER_POSITIONS,87845,9/7/2025 11:40:53 AM,eacb2c87-4a3a-4ca1-bbe7-9f8f31167e8c,2.0,,,,,,,,,,,,,,,,,,,,,,,,,,,,,"(-0.4, 1.3, -28.4)","(-0.2, 1.6, -28.3)","(-0.4, 1.2, -28.1)",
PLAYER_GAZE,87845,9/7/2025 11:40:53 AM,eacb2c87-4a3a-4ca1-bbe7-9f8f31167e8c,2.0,,,,,,,,,,,,,,,,,,Patient 2,,,,,,,,,"(11.3, 1.6, -1.0)",,,"(-11.5, 0.0, -27.3)",
PLAYER_POSITIONS,88345,9/7/2025 11:40:53 AM,eacb2c87-4a3a-4ca1-bbe7-9f8f31167e8c,2.0,,,,,,,,,,,,,,,,,,,,,,,,,,,,,"(-0.1, 1.3, -28.5)","(0.2, 1.6, -28.3)","(-0.1, 1.3, -28.2)",
PLAYER_POSITIONS,88345,9/7/2025 11:40:53 AM,eacb2c87-4a3a-4ca1-bbe7-9f8f31167e8c,2.0,,,,,,,,,,,,,,,,,,,,,,,,,,,,,"(-0.1, 1.3, -28.5)","(0.2, 1.6, -28.3)","(-0.1, 1.3, -28.2)",
PLAYER_POSITIONS,88855,9/7/2025 11:40:54 AM,eacb2c87-4a3a-4ca1-bbe7-9f8f31167e8c,2.0,,,,,,,,,,,,,,,,,,,,,,,,,,,,,"(0.3, 1.3, -28.6)","(0.5, 1.6, -28.5)","(0.3, 1.3, -28.3)",
PLAYER_POSITIONS,88855,9/7/2025 11:40:54 AM,eacb2c87-4a3a-4ca1-bbe7-9f8f31167e8c,2.0,,,,,,,,,,,,,,,,,,,,,,,,,,,,,"(0.3, 1.3, -28.6)","(0.5, 1.6, -28.5)","(0.3, 1.3, -28.3)",
PLAYER_POSITIONS,89355,9/7/2025 11:40:54 AM,eacb2c87-4a3a-4ca1-bbe7-9f8f31167e8c,2.0,,,,,,,,,,,,,,,,,,,,,,,,,,,,,"(0.6, 1.3, -28.6)","(0.8, 1.6, -28.4)","(0.6, 1.3, -28.3)",
PLAYER_POSITIONS,89355,9/7/2025 11:40:54 AM,eacb2c87-4a3a-4ca1-bbe7-9f8f31167e8c,2.0,,,,,,,,,,,,,,,,,,,,,,,,,,,,,"(0.6, 1.3, -28.6)","(0.8, 1.6, -28.4)","(0.6, 1.3, -28.3)",
PLAYER_POSITIONS,89856,9/7/2025 11:40:55 AM,eacb2c87-4a3a-4ca1-bbe7-9f8f31167e8c,2.0,,,,,,,,,,,,,,,,,,,,,,,,,,,,,"(0.9, 1.3, -28.5)","(1.1, 1.6, -28.4)","(0.9, 1.3, -28.2)",
PLAYER_POSITIONS,89856,9/7/2025 11:40:55 AM,eacb2c87-4a3a-4ca1-bbe7-9f8f31167e8c,2.0,,,,,,,,,,,,,,,,,,,,,,,,,,,,,"(0.9, 1.3, -28.5)","(1.1, 1.6, -28.4)","(0.9, 1.3, -28.2)",
Participant ID, 202509114
